타임스탬프,귀하의 성별은 무엇입니까,귀하는 몇년도에 태어나셨습니까,귀하의 직업군은 어떻게 되십니까 ,월 평균 취미를 위해 얼마 정도를 쓰시나요?,귀하의 최종 학력은 어떻게 되십니까?,귀하는 어디에 사십니까,귀하의 결혼여부가 궁금합니다.,귀하는 호오오오옥시 연애 중이신가요?,귀하의 취미는 무엇일까요? 자유롭게 적어주세요,귀하의 취미를 즐기신지는 얼마나 되었을까요? ,귀하의 MBTI는 어떻게 되실까요?,어떤 취미나 취미활동을 현재 가지고 있나요? 유사한 것이 있다면 모두 골라주세요,일주일에 얼마나 자주 취미 활동을 하시나요?,취미를 즐기는 이유가 무엇인가요?(중복선택 가능),2019년에는 무엇이 가장 흥미로우셨나요?,(선택사항) 2019년에 가장 흥미로웠던 이유는 무엇일까요?,2020년에는 무엇이 가장 흥미로우셨나요?,(선택사항) 2020에 가장 흥미로웠던 이유는 무엇일까요?,2021년에는 무엇이 가장 흥미로우셨나요?,(선택사항) 2021에 가장 흥미로웠던 이유는 무엇일까요?,2022년에는 무엇이 가장 흥미로우셨나요?,(선택사항) 2022에 가장 흥미로웠던 이유는 무엇일까요?,2023년에는 무엇이 가장 흥미로우신가요?,(선택사항) 2023에 가장 흥미로웠던 이유는 무엇일까요?,2024년에는 무엇이 가장 땡기시나요?,(선택사항) 2024년에 가장 땡기는 이유가 무엇일까요?,취미생활을 위해서 사용하는 플랫폼이 있나요?,"(선택사항) 본인은 취미 트렌드에 민감하신 편인가요?
1(매우 둔감)에서 8(매우 민감) 사이의 숫자로 표현해주세요.",혹시 최근에 가장 흥미로운 취미나 활동이 있으신가요?
2023/11/07 8:21:01 오전 GMT+9,남성,1981년~1990년,,,대학교 졸업(학사졸업),서울의 서쪽,기혼,,독서,,INTJ,독서,주 2~3회,스트레스 해소,독서,,헬스,,독서,,결혼,,독서,,음주,,사용 안함,,음주
2023/11/07 9:23:19 오전 GMT+9,여성,1991년~1995년,,,대학교 졸업(학사졸업),서울의 서쪽,미혼,휴식중,여행,,ISTJ,스포츠 관련 취미 ( 각종 스포츠 직접 하기 혹은 스포츠 관람),주 2~3회,자기계발;스트레스 해소,여행,,넷플릭스,,휴,,골프,,여행,,배트민턴,,프립,,배트민턴
2023/11/07 2:19:44 오후 GMT+9,남성,1991년~1995년,,,대학교 졸업(학사졸업),서울의 남쪽,미혼,휴식중,게임,,INTJ,독서,주 2~3회,자기계발;스트레스 해소,여행,,일,,테니스,,투자,,대학원,,휴식,,사용 안함,,뮤지컬
2023/11/08 8:54:08 오전 GMT+9,남성,1981년~1990년,금융인,10만원 초과 30만원 이하,대학교 졸업(학사졸업),서울의 서쪽,기혼,,독서,5년 이상,ISTJ,독서;음주,주 2~3회,자기계발;스트레스 해소,독서,,음주,,헬스,,독서,,독서,,음주,,사용 안함,2,
2023/11/08 4:21:59 오후 GMT+9,남성,1981년~1990년,금융인,10만원 초과 30만원 이하,대학교 졸업(학사졸업),서울의 북쪽,기혼,,"축구, 골프",5년 이상,ISFJ,"축구, 야구, 농구, 배구 등 스포츠 관람 취미;시청각 자료 시청 관련 취미 ( 드라마, 유튭, 영화, 연극, 뮤지컬 시청 등)",주 1회,스트레스 해소,축구,스트레스 해소,넷플릭스,집밖을 못나가서 이것뿐이 할게 없어서,넷플릭스,2020과 같음,축구,코로나가 풀려서 원래하던거 했음,골프,새로운 운동시작,골프,다양한 사람들 만나면서 새로운 운동 해볼라고,아이디어스;,3,골프
2023/11/08 4:28:51 오후 GMT+9,남성,1981년~1990년,IT인,60만원 초과 100만원 이하,대학교 졸업(학사졸업),서울의 남쪽,기혼,,골프,3년 ~ 5년,Esfj,"구기 종목 활동 참여 취미(축구, 야구, 농구, 배구, 골프, 족구, 세팍타크로, 게이트볼 등)",주 1회,자기계발;스트레스 해소,돈,돈을잘벌어서,골프,스트레스해소,와이프,이유없다,골프,자기개발,골프,자기개발,골프,자기개발,사용 안함,5,
2023/11/08 4:31:30 오후 GMT+9,남성,1981년~1990년,"일반직장인(재무, 구매, 설계 등등)",30만원 초과 60만원 이하,대학교 졸업(학사졸업),강원도,기혼,,골프,5년 이상,모름,"구기 종목 활동 참여 취미(축구, 야구, 농구, 배구, 골프, 족구, 세팍타크로, 게이트볼 등)",월 1회,스트레스 해소;새로운 만남,골프,골프가좋아서,골프,골프가좋아서,골프,골프가좋아서,골프,골프가좋아서,골프,골프가좋아서,골프,골프가좋아서,오프라인 동호회,2,골프
2023/11/08 4:54:12 오후 GMT+9,남성,1981년~1990년,"사장님, 대표님 등 헤드(친하게 지내요)",100만원 초괏갓갓갓갓,석사 졸업,이탈리아,기혼,,"바이크타기, 쇼핑하기",5년 이상,INFP,"악기 연주( 현악, 관악 등 모두 가능);요리;비디오 게임(플레이스테이션, 닌텐도, PC, XBOX 등);하계 스포츠 활동 참여(구기 외 서핑, 스쿠버다이빙 등)",주 1회,스트레스 해소,돈 버는 거,돈을 잘 벌어서,코로나19,코로나가 세상을 지배해서,코로나19,아직도 코로나가 진행중이라서,자유로운거,코로나가 사라져서,일 하는거,자유롭게 일을 다시 할 수 있어서,좋은 자동차 구매하기,신나게 타고 싶어서,사용 안함,5,없네요.
2023/11/08 6:50:40 오후 GMT+9,남성,1981년~1990년,금융인,60만원 초과 100만원 이하,대학교 졸업(학사졸업),서울의 서쪽,기혼,,골프,5년 이상,entj,"독서;구기 종목 활동 참여 취미(축구, 야구, 농구, 배구, 골프, 족구, 세팍타크로, 게이트볼 등);자기계발 등 공부",주 2~3회,새로운 만남,아들과의 만남,출산,새로운 지점 운영,영업사원들과의 지향점 통일성,발령 및 또다른 도전,,이직,,내 사업 본격시작,가족같은 사람과 평생 일할 수 있어서,우리 지사 가족들에 풍요로움과 행복함,99% 돈,오프라인 동호회,,
2023/11/08 7:18:36 오후 GMT+9,남성,1976년~1980년,"사장님, 대표님 등 헤드(친하게 지내요)",1만원 초과 10만원 이하,고등학교 졸업,서울 밖의 경기,기혼,,농구,5년 이상,안했어요,"축구, 야구, 농구, 배구 등 스포츠 관람 취미",주 1회,스트레스 해소;새로운 만남,생각안남,생각안남,생각안남,생각안남,아기보기,베이비 생겨서 어찌할지 몰랐다,베이비 크는걸 보며 흥미를 ㅎ,크는것만 보아도 좋다,없음,없음,자기관리,자기관리가 안되고 있다,오프라인 동호회,4,농구
2023/11/08 8:49:55 오후 GMT+9,남성,1981년~1990년,"일반직장인(재무, 구매, 설계 등등)",100만원 초괏갓갓갓갓,석사 졸업,지방,미혼,연애중,운동,3개월 ~ 6개월,Isfj,"축구, 야구, 농구, 배구 등 스포츠 관람 취미",주 1회,스트레스 해소,연예,,축구,,주식,,술,,헬스,,연예,,오프라인 동호회,4,헬스
2023/11/08 9:02:21 오후 GMT+9,남성,1981년~1990년,의료인,100만원 초괏갓갓갓갓,대학교 졸업(학사졸업),서울의 북쪽,기혼,,홀덤 낚시,5년 이상,esfp,홀덤,주 1회,스트레스 해소,자동차,신차,인서울,인서울,연봉협상,연봉인상,홀덤대회우승상금,우승할뻔..,홀덤우승,우승할거같아서,아파트청약당첨,내집마련,사용 안함,5,
2023/11/08 9:28:10 오후 GMT+9,여성,1991년~1995년,교육인,30만원 초과 60만원 이하,석사 졸업,서울의 남쪽,미혼,휴식중,"기타, 테니스, 레고, 유툽",3년 ~ 5년,enfj,"악기 연주( 현악, 관악 등 모두 가능);축구, 야구, 농구, 배구 등 스포츠 관람 취미;예술 관련 관람 취미 (미술관 관람 등);시청각 자료 시청 관련 취미 ( 드라마, 유튭, 영화, 연극, 뮤지컬 시청 등);독서;구기 종목 활동 참여 취미(축구, 야구, 농구, 배구, 골프, 족구, 세팍타크로, 게이트볼 등);보드게임(부루마불, 할리갈리 등)",주 2~3회,자기계발;스트레스 해소,베이킹,자격증 취득 준비,연극,연극을 자주 봄,꽃꽂이,함께 하는 친구들과 힐링,기타 연주,,테니스,공 맞추는게 재미있음,테니스,,사용 안함;학원,6,
2023/11/08 9:28:20 오후 GMT+9,여성,1991년~1995년,"일반직장인(재무, 구매, 설계 등등)",30만원 초과 60만원 이하,대학교 졸업(학사졸업),서울의 서쪽,미혼,휴식중,독서 운동 눕기 잠자기 LP,3년 ~ 5년,infp,"시청각 자료 시청 관련 취미 ( 드라마, 유튭, 영화, 연극, 뮤지컬 시청 등);독서;예술 창작 활동(글쓰기, 공예, 드로잉 등);자기계발 등 공부",주 2~3회,자기계발;스트레스 해소,일본 불매,,코로나,,퇴사,,이직,,딱히 없음,,새로운 도전,,소모임,6,
2023/11/08 10:18:13 오후 GMT+9,남성,2001년~2005년,IT인,1만원 초과 10만원 이하,고등학교 졸업,서울 밖의 경기,미혼,휴식중,게임,5년 이상,Intp,"시청각 자료 시청 관련 취미 ( 드라마, 유튭, 영화, 연극, 뮤지컬 시청 등);구기 종목 활동 참여 취미(축구, 야구, 농구, 배구, 골프, 족구, 세팍타크로, 게이트볼 등);비디오 게임(플레이스테이션, 닌텐도, PC, XBOX 등);보드게임(부루마불, 할리갈리 등)",매일,자기계발;스트레스 해소,게임,,게임,,게임,,게임,,게임,,게임,,사용 안함,5,운동
2023/11/08 10:35:38 오후 GMT+9,여성,1996년~2000년,"일반직장인(재무, 구매, 설계 등등)",1만원 초과 10만원 이하,대학교 졸업(학사졸업),서울 밖의 경기,미혼,연애중,화장품 쇼핑,3년 ~ 5년,INFJ,"축구, 야구, 농구, 배구 등 스포츠 관람 취미;시청각 자료 시청 관련 취미 ( 드라마, 유튭, 영화, 연극, 뮤지컬 시청 등)",주 1회,스트레스 해소,해외여행,유럽여행,대학교 복학,친구들과의 대학생활,대학 졸업,대학 졸업 및 사회생활 시작,퇴사,퇴사^^,하고싶은 일 시작,,해외여행 가기,,사용 안함,3,필라테스
2023/11/08 10:39:54 오후 GMT+9,남성,1996년~2000년,"신이내린직업 ""(돈많은) 백수""",1만원 초과 10만원 이하,대학교 졸업(학사졸업),서울의 남쪽,미혼,연애중,헬스,5년 이상,INFJ,"예술 관련 관람 취미 (미술관 관람 등);시청각 자료 시청 관련 취미 ( 드라마, 유튭, 영화, 연극, 뮤지컬 시청 등);독서;음주;영상 창작 활동(영화, 연극 등 제작 혹은 참여);자기계발 등 공부;비디오 게임(플레이스테이션, 닌텐도, PC, XBOX 등);헬스, 등산",매일,자기계발;스트레스 해소,헬스,,헬스,,헬스,,헬스,,헬스,,역시나 헬스,,사용 안함,2,
2023/11/08 10:59:25 오후 GMT+9,남성,1981년~1990년,금융인,10만원 초과 30만원 이하,대학교 졸업(학사졸업),서울의 서쪽,미혼,휴식중,"보컬 수업, 러닝 등",6개월 ~ 1년,ISTP,"축구, 야구, 농구, 배구 등 스포츠 관람 취미;가무(노래 및 춤추기)",주 2~3회,스트레스 해소,등산,,한강 걷기,,한강 걷기,,F45,,"보컬수업, 러닝",,"러닝, 보컬수업 등",,사용 안함,3,없음
2023/11/08 11:04:49 오후 GMT+9,여성,1996년~2000년,IT인,30만원 초과 60만원 이하,대학교 졸업(학사졸업),서울의 서쪽,미혼,비공개,잠자기,5년 이상,ISTJ,"시청각 자료 시청 관련 취미 ( 드라마, 유튭, 영화, 연극, 뮤지컬 시청 등)",매일,스트레스 해소,뮤지컬,,뮤지컬,,스포츠 관람,,스포츠,,스포츠,,스포츠 배우기,,사용 안함,5,테니스
2023/11/08 11:20:48 오후 GMT+9,여성,1991년~1995년,금융인,1만원 초과 10만원 이하,대학교 졸업(학사졸업),서울의 서쪽,기혼,,"넷플릭스 보기, 게임하기, 강아지랑 놀기, 맛집탐방",5년 이상,ESFJ,"요리;시청각 자료 시청 관련 취미 ( 드라마, 유튭, 영화, 연극, 뮤지컬 시청 등);음주;자기계발 등 공부;보드게임(부루마불, 할리갈리 등)",주 1회,자기계발;스트레스 해소;연인과의 행복한 시간,넷플릭스,출퇴근시간에 보기 좋아서,게임,집에서 즐길수 있는 취미여서,부동산 공부,집값이 폭등해서,여행,코로나 이후 해외여행을 갈 수 있어서,DFMBA 동기들과 밥먹기,새로운 사람들과 다양하게 교류할 수 있어서,부동산 공부,집값 저점이 올것 같아서,프립;아이디어스,6,강아지(호두)랑 놀기
2023/11/08 11:33:45 오후 GMT+9,여성,1996년~2000년,"일반직장인(재무, 구매, 설계 등등)",30만원 초과 60만원 이하,대학교 졸업(학사졸업),서울의 동쪽,미혼,휴식중,"운동, OTT",5년 이상,Istp,"시청각 자료 시청 관련 취미 ( 드라마, 유튭, 영화, 연극, 뮤지컬 시청 등);음주;보드게임(부루마불, 할리갈리 등)",주 1회,자기계발;스트레스 해소,대학진학,,성적올리기,코로나때매 성취느낄 수 있는게 그것 뿐,졸업요건채우기,,"자격증 탐색, 야외 활동의 모든것",코로나가 어느정도 풀려서 밖에나가면 다좋았움,자격증 탐색/운동도전,,체중감량/ 새로운취미시작하기,,사용 안함,4,지금은OTT
2023/11/09 12:54:06 오전 GMT+9,여성,1991년~1995년,"일반직장인(재무, 구매, 설계 등등)",30만원 초과 60만원 이하,석사 졸업,서울의 서쪽,미혼,비공개,"골프, 레고, 노래",3년 ~ 5년,Isfp,"시청각 자료 시청 관련 취미 ( 드라마, 유튭, 영화, 연극, 뮤지컬 시청 등);독서;가무(노래 및 춤추기);구기 종목 활동 참여 취미(축구, 야구, 농구, 배구, 골프, 족구, 세팍타크로, 게이트볼 등);자기계발 등 공부",주 1회,자기계발;스트레스 해소;새로운 만남,비트코인,수익률,테슬라 주가,,오징어 게임,,골프,,해외여행,,여행,,오프라인 동호회,5,
2023/11/09 1:30:40 오전 GMT+9,남성,1996년~2000년,금융인,10만원 초과 30만원 이하,대학교 졸업(학사졸업),미국 뉴욕,미혼,연애중,"게임, 노래방, 맛집탐방",5년 이상,ENFJ,"요리;축구, 야구, 농구, 배구 등 스포츠 관람 취미;예술 관련 관람 취미 (미술관 관람 등);음주;비디오 게임(플레이스테이션, 닌텐도, PC, XBOX 등)",주 2~3회,스트레스 해소;연인과의 행복한 시간;친구와의 진득한 시간,제대!,군입대중이였습니다,제대 및 사업,20년5월 제대 후 사업을 시작했습니다.,복학 및 맛집탐방,온라인이 아닌 in person으로 복학을 시작했고 뉴욕을 즐겨보자는 의미에서 맛집을 찾아다니기 시작했습니다.,"브로드웨이 뮤직컬, 게임",맛집 이외에도 뉴욕을 즐기기 위해 뮤직컬을 찾아디니기 시작했고 친구들과 스트레스 해소용으로 게임도 시작했습니다.,"맛집, 뮤직컬, 게임",스트레스 해소가 주 목적입니다.,"테니스, 수영",생산적인 일을 하고 싶어서 운동을 배워볼까 생각중인데 테니스나 수영을 고민중입니다. 다만 돈이 많이 들어 망설여지네요.,사용 안함,2,"맛집, 뮤직컬, 게임"
2023/11/09 7:55:33 오전 GMT+9,여성,1970년~1975년,교육인,1만원 초과 10만원 이하,대학교 졸업(학사졸업),서울 밖의 경기,기혼,,음악듣기,1년 ~ 2년,INFJ-T,"시청각 자료 시청 관련 취미 ( 드라마, 유튭, 영화, 연극, 뮤지컬 시청 등)",주 2~3회,스트레스 해소,바둑,집중할수있어서,야생나물,신기해서,중국어회화,대만사람과 대화하려고,영어회화,외국인을 만나대화하려고,들나물,건강을 위하여,독서,지식을 더 채우기위해,사용 안함,3,가요듣기
2023/11/09 8:06:18 오전 GMT+9,여성,1996년~2000년,"일반직장인(재무, 구매, 설계 등등)",30만원 초과 60만원 이하,대학교 졸업(학사졸업),서울의 남쪽,미혼,휴식중,넷플보기,5년 이상,Enfj,"시청각 자료 시청 관련 취미 ( 드라마, 유튭, 영화, 연극, 뮤지컬 시청 등);음주;가무(노래 및 춤추기);자기계발 등 공부;헬스",매일,자기계발;스트레스 해소;친구와의 진득한 시간,코로나,,틱톡 릴스,,워터밤,,할로윈,,헬스,,해외여행,,사용 안함,6,클라이밍 서핑
2023/11/09 9:30:22 오전 GMT+9,여성,1996년~2000년,금융인,10만원 초과 30만원 이하,대학교 졸업(학사졸업),서울의 서쪽,미혼,연애중,"운동, 독서",5년 이상,ENTJ,"독서;헬스, 등산",주 2~3회,자기계발;스트레스 해소,운동(태권도),,독서,,헬스,,헬스,,등산,,등산,,온라인 커뮤니티,3,
2023/11/09 9:33:20 오전 GMT+9,여성,1991년~1995년,"일반직장인(재무, 구매, 설계 등등)",10만원 초과 30만원 이하,대학교 졸업(학사졸업),서울의 서쪽,미혼,연애중,"피아노, 운동(근력, 등산), 독서, 넷플릭스",3년 ~ 5년,INTP,"악기 연주( 현악, 관악 등 모두 가능);시청각 자료 시청 관련 취미 ( 드라마, 유튭, 영화, 연극, 뮤지컬 시청 등);독서;음주;근력운동, 등산",주 2~3회,스트레스 해소,취미 없었음,,운동,,운동,,술자리,,운동,,운동,,사용 안함,5,등산
2023/11/09 9:33:35 오전 GMT+9,여성,1991년~1995년,법조인,1만원 초과 10만원 이하,석사 졸업,서울의 동쪽,미혼,휴식중,"웹소설, 웹툰, 드라마 등 보기. 스쿼시(운동)",5년 이상,Enfj,"악기 연주( 현악, 관악 등 모두 가능);독서;가무(노래 및 춤추기);구기 종목 활동 참여 취미(축구, 야구, 농구, 배구, 골프, 족구, 세팍타크로, 게이트볼 등);자기계발 등 공부;웹툰, 웹소설 드라마 등 보기",매일,스트레스 해소,기억이 잘 안남(로스쿨 다닐시기라서),,아마도 스우파였던거 같음,,기억이 잘 안남...공부중이여서,,마찬가지로 기억이 잘 안남...고시 공부중이었음,,운동이 젤 좋은거 같음,오랜만에 제대로 운동을 다시 시작해서,독서,"안 한지 너무 오래된거 같고, 최근에 다시 읽기 시작했음",사용 안함,2,
2023/11/09 9:35:49 오전 GMT+9,여성,1981년~1990년,공노비,60만원 초과 100만원 이하,석사 졸업,서울의 서쪽,미혼,휴식중,"헬스, 독서, 홈가드닝",3년 ~ 5년,ISTJ,독서;혼자 하는 운동,매일,스트레스 해소;매일 하는 거라서,부동산 및 금융시장,정권 교체 후 경제이슈를 많이 접함,"부동산, 주식",2019년에 기초학습을 한 것을 바탕으로 더 많은 정보를 습득,"부동산, 홈가드닝(식물)",내집마련 후 홈 인테리어에 식물 이용,"경제동향, 운동","건강 문제로 운동 시작, 경제동향 모니터링 지속","운동, 경제동향",하던 운동 계속 하면서 건강이 좋아짐,운동,하던 루틴을 이어가기 좋음,사용 안함,1,운동
2023/11/09 9:36:11 오전 GMT+9,여성,1991년~1995년,의료인,30만원 초과 60만원 이하,대학교 졸업(학사졸업),서울의 서쪽,미혼,연애중,"꽃꽂이 , 헬스",3년 ~ 5년,esfj,"요리;시청각 자료 시청 관련 취미 ( 드라마, 유튭, 영화, 연극, 뮤지컬 시청 등);예술 창작 활동(글쓰기, 공예, 드로잉 등)",주 2~3회,스트레스 해소,유럽여행,,여행,,여행,,여행,,이직후 생활,,여행,,사용 안함,,꽃꽂이
2023/11/09 9:42:58 오전 GMT+9,여성,1981년~1990년,법조인,1만원 초과 10만원 이하,대학교 졸업(학사졸업),서울의 서쪽,미혼,휴식중,"누워있기, 넷플릭스 기타 ott보기, 책읽기, 맛있는 음식먹기, 홈트하기, 영어공부하기",5년 이상,ESTJ,"시청각 자료 시청 관련 취미 ( 드라마, 유튭, 영화, 연극, 뮤지컬 시청 등);독서;자기계발 등 공부",매일,자기계발;스트레스 해소,여행,여행에 재미를 붙였던 때라서,"영어공부, 외국인 친구랑 채팅",영어공부에 흥미를 느끼기 시작한 시기,2020년이랑 비슷,영어 실력이 늘기 시작해서 영어공부랑 외국인 친구랑 대화하는게 더 재미있어짐,여행,코로나가 끝나고 여행을 다시 해서 좋았음,사업준비,사업을 시작해서 사업에 필요한 새로운 것들을 배우는게 재미있어짐,아마도 여행,여행을 한동안 못다녀서,사용 안함,1,홈트
2023/11/09 9:43:32 오전 GMT+9,여성,1991년~1995년,"일반직장인(재무, 구매, 설계 등등)",30만원 초과 60만원 이하,대학교 졸업(학사졸업),서울의 동쪽,기혼,,"와인, 요리 + 관련 인스타그램 운영",3년 ~ 5년,ENFP,"요리;예술 관련 관람 취미 (미술관 관람 등);음주;예술 창작 활동(글쓰기, 공예, 드로잉 등)",매일,스트레스 해소;연인과의 행복한 시간;소소한 부업,여행,코로나/결혼 전 취미가 여행이라서,인테리어,결혼 후 신혼집을 꾸미던 시기,요리,"요리 인스타그램을 한창 키우던 시기, 약속도 잘 잡지 않고 집에서 머무는 시간이 길어지니 요리하는게 재밌어서",요리+영상촬영,"요리를 계속 했었고, 유튜브 쇼츠가 나오면서 숏폼 영상 제작에 관심 생김",와인,"양식 위주로 요리를 하다보니 와인을 자주 마시기 시작했는데, 알면 알수록 새로운 것들이 많아서 재밌음",언어배우기,"23년에 오랜만에 해외여행을 다녀왔는데, 영어 외에 다른 언어(프랑스어) 배우고 싶어져서 학습지를 구매함",사용 안함,7,와인모임
2023/11/09 9:44:37 오전 GMT+9,여성,1981년~1990년,콘텐츠,10만원 초과 30만원 이하,대학교 졸업(학사졸업),서울의 서쪽,미혼,연애중,캠핑,3년 ~ 5년,INTP,가무(노래 및 춤추기);캠핑,주 1회,스트레스 해소,아이돌 NCT ,재밌고 멋있고 좋아서 스트레스 해소에 큰 도옴이 됨,연애,당시 만난 연인과 지금까지 안정적인 연애 중,온갖 스타트업 파먹기,스타트업으로 이직했기 때문,캠핑,본격적으로 캠핑에 흥미를 붙였기 때문,유튜브,유튜버로서 채널을 시작함,해외여행,코로나 때문에 못 다녔던 여행을 본격적으로 다닐 예정,사용 안함,7,테니스
2023/11/09 9:46:45 오전 GMT+9,여성,1991년~1995년,금융인,10만원 초과 30만원 이하,대학교 졸업(학사졸업),서울의 북쪽,기혼,,골프,1년 ~ 2년,ESTJ,"요리;시청각 자료 시청 관련 취미 ( 드라마, 유튭, 영화, 연극, 뮤지컬 시청 등);독서;구기 종목 활동 참여 취미(축구, 야구, 농구, 배구, 골프, 족구, 세팍타크로, 게이트볼 등);자기계발 등 공부;보드게임(부루마불, 할리갈리 등)",주 2~3회,자기계발;스트레스 해소;새로운 만남,여행,"일상생활에서의 탈출, 면세점 쇼핑이 즐거움","결혼, 가전, 가구, 스드메, 각종 주방용품",결혼 해야해서 결혼준비를 열심히함,운전,처음 운전을 배우고 드라이빙에 재미를 느낌,골프,주변사람들이 모두 골프에 미쳐있음,독서,독서를 해야 부자에 가까워진다는 이야기를 듣고 독서에 취미를 가지게 됨,재테크,돈 많이 벌고 싶어요,사용 안함;오프라인 동호회,2,독서
2023/11/09 9:49:31 오전 GMT+9,여성,1991년~1995년,"일반직장인(재무, 구매, 설계 등등)",1만원 초과 10만원 이하,대학교 졸업(학사졸업),서울의 서쪽,미혼,휴식중,"드라마보기, 배구보기, 야구보기",5년 이상,ENFJ,"축구, 야구, 농구, 배구 등 스포츠 관람 취미;시청각 자료 시청 관련 취미 ( 드라마, 유튭, 영화, 연극, 뮤지컬 시청 등);음주",매일,스트레스 해소,음주,처음 돈벌고 술을 많이 마셔서 좋았어여..,OTT 서비스 ,그 때 ott 가입을 막 시작했던 것 같아요..! ,드라이브,운전을 처음 배워서 신났어요!,여자배구,처음으로 보기 시작했어요! ,여행,오랜만에 여행 많이 갈 수 있어서,연애..?,,프립,,원데이클래스 여러개 다녀보고 싶어요! 
2023/11/09 9:49:42 오전 GMT+9,여성,1981년~1990년,IT인,10만원 초과 30만원 이하,대학교 졸업(학사졸업),서울의 남쪽,미혼,휴식중,"클래식음악감상, 핸드드립커피",5년 이상,infp,요리;예술 관련 관람 취미 (미술관 관람 등),주 2~3회,스트레스 해소,바흐 협주곡,,슈만 소곡들,,"바흐 칸타타, 피아노곡들",,"바빠서 음악 많이 못들었어요ㅠㅠ, 케냐AA 커피",진짜 신선한 원두를 보내주는 판매처를 찾아서 한해동안 핸드드립커피를 신나게 마셨습니다,"피아노 협주곡, 블루마운틴 커피",자주마시던 품종 외에 다른 원두가 마음에 쏙 들었던게 엄청 오랜만이었어요,"재즈, 셀로니어스몽크!!",요즘 귀에 들어와요,사용 안함;유튜브....ㅎㅎ,3,스포츠활동을 하나쯤 하고싶어요
2023/11/09 9:50:23 오전 GMT+9,여성,1996년~2000년,IT인,1만원 초과 10만원 이하,대학교 졸업(학사졸업),서울의 동쪽,미혼,비공개,운동 독서 청소,5년 이상,intj,"요리;예술 관련 관람 취미 (미술관 관람 등);시청각 자료 시청 관련 취미 ( 드라마, 유튭, 영화, 연극, 뮤지컬 시청 등);독서;자기계발 등 공부",매일,자기계발;스트레스 해소,2019년...딱히 기억이 안나네요🤔 음 그냥 교환가있던거??,교환 중에 여행을 많이 갔습니다,코로나...and 인턴 지원과 비대면 수업이 흥미로웠내요,아무래도 비대면 수업이 새로웠으니까요,대기업 인턴했습니다!!!!,첫 직장생활이라 두근두근한 마음과 새로운 동기들과 함께할 수 있어서요,22년엔 전환탈....and 취업이 흥미로웠네요,전환을 못했기 때문...전환했더라면 이 고생을 안 했을텐데 이런 생각 때문에요ㅠㅜ,이직도전,"이직을 준비하면 이전에 몰랐던 내용, 직무역량을 많이 티웠어서요",이직하고 싶어요...,,사용 안함,5,
2023/11/09 9:50:42 오전 GMT+9,여성,1981년~1990년,"일반직장인(재무, 구매, 설계 등등)",30만원 초과 60만원 이하,석사 졸업,서울 밖의 경기,미혼,연애중,"피아노연주, 공연관람 등",5년 이상,INTJ,"악기 연주( 현악, 관악 등 모두 가능);예술 관련 관람 취미 (미술관 관람 등);시청각 자료 시청 관련 취미 ( 드라마, 유튭, 영화, 연극, 뮤지컬 시청 등);독서",매일,자기계발;스트레스 해소,발레,취미발레를 처음 시작,코딩 온라인 수강,"코로나로 온라인 강의를 주로 수강, IT업계 이직준비 등",주식,,피아노,,"피아노, 악기 합주",연주회 등 무대 경험 기회가 많아짐,악기,지금 하는걸 더 잘하고 싶음,오프라인 동호회,3,등산
2023/11/09 9:53:45 오전 GMT+9,여성,1981년~1990년,금융인,60만원 초과 100만원 이하,대학교 졸업(학사졸업),서울의 동쪽,미혼,휴식중,골프,2년 ~ 3년,ESFJ,"시청각 자료 시청 관련 취미 ( 드라마, 유튭, 영화, 연극, 뮤지컬 시청 등);음주;구기 종목 활동 참여 취미(축구, 야구, 농구, 배구, 골프, 족구, 세팍타크로, 게이트볼 등);하계 스포츠 활동 참여(구기 외 서핑, 스쿠버다이빙 등)",주 2~3회,스트레스 해소;새로운 만남;업무,연애,,고양이입양,,없었음,,요가,,골프,,골프,,사용 안함,2,골프
2023/11/09 9:53:45 오전 GMT+9,여성,1981년~1990년,교육인,10만원 초과 30만원 이하,석사 졸업,서울의 동쪽,기혼,,"수영,댄스,자전거타기,음악감상",3개월 ~ 6개월,ISFP,"요리;축구, 야구, 농구, 배구 등 스포츠 관람 취미;예술 관련 관람 취미 (미술관 관람 등);시청각 자료 시청 관련 취미 ( 드라마, 유튭, 영화, 연극, 뮤지컬 시청 등);독서;가무(노래 및 춤추기);예술 창작 활동(글쓰기, 공예, 드로잉 등);자기계발 등 공부;하계 스포츠 활동 참여(구기 외 서핑, 스쿠버다이빙 등);자전거타기, 캠핑",주 2~3회,자기계발;스트레스 해소;새로운 만남;건강증진,"실내자전거,발레공연,전시회관람",,음악감상,,"자전거타기, 음악감상",,음악감상,,"수영, 댄스, 자전거타기, 콘서트관람, 작곡수업듣기",,"수영, 캠핑, 콘서트관람, 프로야구관람, 농구하기, 발레하기, 글쓰기수업, 바이올린배우기",,"프립;솜씨당;구립 복합문화체육센터 홈페이지, 백화점 문화센터",2,프로야구 관람
2023/11/09 9:53:49 오전 GMT+9,여성,1981년~1990년,"일반직장인(재무, 구매, 설계 등등)",10만원 초과 30만원 이하,대학교 졸업(학사졸업),서울의 남쪽,기혼,,공연관람,1년 ~ 2년,ENFP,"악기 연주( 현악, 관악 등 모두 가능);예술 관련 관람 취미 (미술관 관람 등);독서",월 1회,스트레스 해소,육아….,,태국2달살기,,이사,,일,,다시 이사,,사업,,사용 안함,1,
2023/11/09 9:56:21 오전 GMT+9,여성,1996년~2000년,영업사원,1만원 초과 10만원 이하,대학교 졸업(학사졸업),서울의 남쪽,미혼,휴식중,"홈트, 화상영어, 다이어리 쓰기, 브이로그찍기, 수영",1개월 ~ 3개월,ISFP,"시청각 자료 시청 관련 취미 ( 드라마, 유튭, 영화, 연극, 뮤지컬 시청 등);독서;영상 창작 활동(영화, 연극 등 제작 혹은 참여);자기계발 등 공부",주 2~3회,자기계발;스트레스 해소;건강...,기억이 나지 않습니다...,,기억이 나지 않습니다...,,과외...를 첫 시작해서...,,뉴진스,,수영,,유튜브를 더 공격적으로 찍고싶어요,,없습니다,1,
2023/11/09 9:56:28 오전 GMT+9,여성,1991년~1995년,"일반직장인(재무, 구매, 설계 등등)",10만원 초과 30만원 이하,대학교 졸업(학사졸업),서울의 남쪽,미혼,연애중,원데이클래스 탐방,2년 ~ 3년,INFP,"예술 관련 관람 취미 (미술관 관람 등);시청각 자료 시청 관련 취미 ( 드라마, 유튭, 영화, 연극, 뮤지컬 시청 등);독서;음주;가무(노래 및 춤추기)",매일,자기계발;스트레스 해소,각국 드라마 탐방,,만화책 읽기,,만화책 읽기,,애니메이션 보기,,"도자기 만들기, 인형 만들기",,도자기 만들기,,프립;인스타그램,4,
2023/11/09 9:57:32 오전 GMT+9,여성,1991년~1995년,제조인,10만원 초과 30만원 이하,석사 졸업,서울의 남쪽,미혼,비공개,"필라테스, 드라마몰아보기, 빵집투어",2년 ~ 3년,ESFJ,"요리;시청각 자료 시청 관련 취미 ( 드라마, 유튭, 영화, 연극, 뮤지컬 시청 등)",주 2~3회,스트레스 해소,베이킹,빵이 좋아서,"중국어 공부, 드라마 시청",코로나로 집콕. 드라마보다가 덕질을 시작해서,드라마시청,취준,맛집투어,연애,"여행, 필라테스","스트레스 해소, 체력증진","수영, 베이킹",,사용 안함,4,"베이킹, 여행 블로그 구상"
2023/11/09 9:59:25 오전 GMT+9,여성,1981년~1990년,교육인,30만원 초과 60만원 이하,석사 졸업,서울의 동쪽,미혼,연애중,골프,3년 ~ 5년,ESTJ,"구기 종목 활동 참여 취미(축구, 야구, 농구, 배구, 골프, 족구, 세팍타크로, 게이트볼 등)",월 1회,그냥 좋아요,골프,,골프,,골프,,골프,,골프,,여행,,사용 안함,1,없습니다
2023/11/09 10:05:31 오전 GMT+9,여성,1981년~1990년,"일반직장인(재무, 구매, 설계 등등)",10만원 초과 30만원 이하,대학교 졸업(학사졸업),서울의 서쪽,미혼,휴식중,"골프, 수영, 요가, 독서, 음악감상",2년 ~ 3년,Entp,"악기 연주( 현악, 관악 등 모두 가능);요리;예술 관련 관람 취미 (미술관 관람 등);시청각 자료 시청 관련 취미 ( 드라마, 유튭, 영화, 연극, 뮤지컬 시청 등);독서;자기계발 등 공부",주 2~3회,자기계발;스트레스 해소,여행,,요가,,골프,,명화그리기,,여행,,테니스,,소모임;사용 안함,7,아직은 골프 수영 등 운동 진행중
2023/11/09 10:06:54 오전 GMT+9,여성,1981년~1990년,건설인,60만원 초과 100만원 이하,대학교 졸업(학사졸업),서울의 서쪽,미혼,비공개,"음악감상, 글쓰기",5년 이상,ENFJ,"예술 관련 관람 취미 (미술관 관람 등);독서;예술 창작 활동(글쓰기, 공예, 드로잉 등);영상 창작 활동(영화, 연극 등 제작 혹은 참여);자기계발 등 공부;하계 스포츠 활동 참여(구기 외 서핑, 스쿠버다이빙 등);동계 스포츠 활동 참여(스키, 스노보드 등)",주 1회,스트레스 해소,개 돌보기,개가 늙어서 부양해야했지만 귀여웠음,개 돌보기,개님이 언제 죽을지 몰라서 공들여야 했음,뜨개,돌봄 노동 스트레스 해소,서핑,자연의 섭리를 깨닫음,해외여행,우리나라보다 편안한 분위기가 좋아서,건강관리,"현대인의 코로나블루, 직장내괴롭힘 등 타파를 위해","원데이클래스, 브랜드 프로모션(예: 부쉐론 팝업)",8,클래식 감상(via Youtube Music)
2023/11/09 10:07:00 오전 GMT+9,여성,1991년~1995년,금융인,30만원 초과 60만원 이하,대학교 졸업(학사졸업),서울의 서쪽,미혼,휴식중,"독서모임, 골프, 수영",2년 ~ 3년,isfj,"악기 연주( 현악, 관악 등 모두 가능);예술 관련 관람 취미 (미술관 관람 등);시청각 자료 시청 관련 취미 ( 드라마, 유튭, 영화, 연극, 뮤지컬 시청 등);독서;음주;구기 종목 활동 참여 취미(축구, 야구, 농구, 배구, 골프, 족구, 세팍타크로, 게이트볼 등);자기계발 등 공부;하계 스포츠 활동 참여(구기 외 서핑, 스쿠버다이빙 등)",주 2~3회,자기계발;스트레스 해소;새로운 만남,여행,"시간적, 경제적으로 여행을 많이 다닐 여유가있었음","부동산, 재테크",코로나 시작으로 혼자 할만한 취미를 찾음,피아노,,수영,,"와인, 독서",,재테크,,트레바리,5,독서
2023/11/09 10:07:18 오전 GMT+9,여성,1991년~1995년,"일반직장인(재무, 구매, 설계 등등)",30만원 초과 60만원 이하,석사 졸업,인천,미혼,휴식중,운동 ,3년 ~ 5년,ESTJ,"축구, 야구, 농구, 배구 등 스포츠 관람 취미;시청각 자료 시청 관련 취미 ( 드라마, 유튭, 영화, 연극, 뮤지컬 시청 등);음주;가무(노래 및 춤추기);구기 종목 활동 참여 취미(축구, 야구, 농구, 배구, 골프, 족구, 세팍타크로, 게이트볼 등);하계 스포츠 활동 참여(구기 외 서핑, 스쿠버다이빙 등);동계 스포츠 활동 참여(스키, 스노보드 등)",주 2~3회,자기계발;스트레스 해소;새로운 만남;친구와의 진득한 시간,쇼핑,막 취직해서 버는 족족 다 썼습니다,등산,코로나,크로스핏,코로나 시국에 친구와의 만남이 제한되니 힘든 운동에 빠져들게 됨,주식과 부동산,경제적 독립을 빨리 이뤄줄 것 같아서,부동산,내집 마련,커리어 개발,직장생활을 길고 안정적으로 하고 싶어서,사용 안함,6,스쿼시
2023/11/09 10:11:35 오전 GMT+9,남성,1991년~1995년,"일반직장인(재무, 구매, 설계 등등)",1만원 초과 10만원 이하,대학교 졸업(학사졸업),서울 밖의 경기,미혼,휴식중,헬스,2년 ~ 3년,istp,"축구, 야구, 농구, 배구 등 스포츠 관람 취미;구기 종목 활동 참여 취미(축구, 야구, 농구, 배구, 골프, 족구, 세팍타크로, 게이트볼 등)",매일,자기계발;스트레스 해소,자전거,,연애,,축구,,축구,,축구,,누워있기,,소모임,2,
2023/11/09 10:13:01 오전 GMT+9,여성,1991년~1995년,"일반직장인(재무, 구매, 설계 등등)",10만원 초과 30만원 이하,대학교 졸업(학사졸업),서울 밖의 경기,미혼,연애중,"요가, 강아지 산책, 강아지랑 카페가기, 맛집탐방",3년 ~ 5년,INFP,요리;독서,주 2~3회,스트레스 해소,해외여행,,코로나,,운전,,주식,,자기계발,,"주식, 재테크",,아이디어스,3,요가! 마음 수련과 몸의 수련이 함께 되는 기분이에요
2023/11/09 10:13:59 오전 GMT+9,여성,1991년~1995년,"사장님, 대표님 등 헤드(친하게 지내요)",30만원 초과 60만원 이하,석사 졸업,서울의 동쪽,미혼,휴식중,러닝,2년 ~ 3년,ESTJ,"예술 관련 관람 취미 (미술관 관람 등);독서;예술 창작 활동(글쓰기, 공예, 드로잉 등);구기 종목 활동 참여 취미(축구, 야구, 농구, 배구, 골프, 족구, 세팍타크로, 게이트볼 등);자기계발 등 공부;하계 스포츠 활동 참여(구기 외 서핑, 스쿠버다이빙 등);동계 스포츠 활동 참여(스키, 스노보드 등)",주 2~3회,자기계발;스트레스 해소,등산,등산을 시작한 뒤 익숙해져 즐길 수 있게 된 시기로 기억합니다.,OTT!,코로나로 인해 넷플릭스를 보는 시간이 늘면서 플랫폼에 대해 보다 깊게 관심을 갖게 되었습니다.,"드라이브, 부동산",답답해서 드라이브를 자주 나가게 되면서 운전에 재미를 붙이게 돠었고 더불어 실내-특히 집에 관심을 갖게 되어 놀러갈 겸 자주 조사를 다니게 되었습니다.,개인사업,"운영하고있는 사업이 코로나 수혜를 입은 분야였기에, 그 다음 스텝을 준비하는데 시간을 많이 투자하였습니다.",투자,투자에 본격적으로 관심을 갖게 되면서 여러 형태의 자산에 분산투자하는 재미를 느끼고 있습니다. ,여전히 투자,알면 알수록 흥미로운 분야이고 또 다른 기회라고 판단하여 기대되는 부분들이 많습니다.,클래스101;소모임;오프라인 동호회,2,투자 외엔 건강 관련 활동에 관심이 많습니다.
2023/11/09 10:16:28 오전 GMT+9,여성,1981년~1990년,박사후연구원,1만원 초과 10만원 이하,박사 졸업,홍콩 ,미혼,연애중,"풋살, 수영 ",5년 이상,INFJ,"예술 관련 관람 취미 (미술관 관람 등);독서;구기 종목 활동 참여 취미(축구, 야구, 농구, 배구, 골프, 족구, 세팍타크로, 게이트볼 등)",주 2~3회,스트레스 해소;건강관리 ,"수영, 풋살 ",수영은 항상 하는 운동이었고 풋살은 한참 팀과 합이 잘 맞아가고 있었음 ,"수영, 풋살",점점 실력이 향상됨,"수영, 풋살",계속 하는 운동이고 꾸준히 실력이 향상됨 ,"수영, 풋살 ",꾸준히 하는 운동임 ,"수영, 축구, 스쿼시 ",현재 일하는 공간에 스쿼시장이 있어 도전해 보고 싶음. 현재 풋살에서 축구로 취미를 확장함. 수영은 일주일에 3번씩 하는 운동임,"축구, 수영, 테니스? ",한국에 돌아가면 새로운 운동을 배워보고 싶음 ,오프라인 동호회,1,쿵푸 클럽에 가입해 배워봄
2023/11/09 10:17:15 오전 GMT+9,여성,1981년~1990년,"일반직장인(재무, 구매, 설계 등등)",30만원 초과 60만원 이하,석사 졸업,서울의 동쪽,미혼,연애중,"독서,와인모임,운동,도예",1년 ~ 2년,ESTJ ESFP,"독서;음주;예술 창작 활동(글쓰기, 공예, 드로잉 등);자기계발 등 공부",주 2~3회,자기계발;스트레스 해소;새로운 만남;친구와의 진득한 시간,"독서, 헬스",혼자할수있는것,"독서,OTT,요리,재테크",,"독서,OTT,요리,테니스",,"독서,와인,테니스,골프",외부활동이 좀 가능해져서?,"독서,와인,테니스,골프,재테크,도예",,"독서,와인,플랫폼 및 창업, 부동산",,클래스101;소모임;트레바리,5,"와인모임,독서"
2023/11/09 10:18:51 오전 GMT+9,남성,1991년~1995년,IT인,10만원 초과 30만원 이하,대학교 졸업(학사졸업),서울 밖의 경기,미혼,연애중,"운동, 피아노",2년 ~ 3년,ISTJ,"악기 연주( 현악, 관악 등 모두 가능);자기계발 등 공부;헬스",주 2~3회,자기계발;스트레스 해소,여행,쉬면서 여기저기 여행을 다닐 수 있어서 좋았습니다.,코딩,"입사한지 얼마 안되어서 코딩, 개발공부 하는데 가장 시간을 많이 보내고, 새로운 내용들을 습득하는데 흥미로웠습니다.",주식,주식으로 큰 수익을 내서 흥미로웠습니다.,운동,다이어트를 위해 이런저런 운동을 많이 시도해봤습니다.,피아노,예전부터 해보고 싶었던 피아노를 드디어 입문하게 되었습니다.,자격증,자기계발이 부족한 것을 느껴 새로운 자격증을 취득하고 싶습니다.,소모임,5,식물 키우기
2023/11/09 10:19:58 오전 GMT+9,남성,1991년~1995년,"일반직장인(재무, 구매, 설계 등등)",100만원 초괏갓갓갓갓,박사 졸업,서울 밖의 경기,미혼,연애중,주식,5년 이상,INFJ,주식,매일,스트레스 해소,2차전지,,2차전지,,2차전지,,2차전지,,2차전지,,2차전지,,키움증권,8,
2023/11/09 10:20:24 오전 GMT+9,남성,1991년~1995년,IT인,10만원 초과 30만원 이하,대학교 졸업(학사졸업),서울의 동쪽,미혼,연애중,영화보기,5년 이상,ISFJ,"축구, 야구, 농구, 배구 등 스포츠 관람 취미;시청각 자료 시청 관련 취미 ( 드라마, 유튭, 영화, 연극, 뮤지컬 시청 등);비디오 게임(플레이스테이션, 닌텐도, PC, XBOX 등)",주 2~3회,스트레스 해소,인턴생활,기억에 많이 남음,연애,,연애,,기억이 안남,,여행,,여행,,사용 안함,2,
2023/11/09 10:24:09 오전 GMT+9,여성,1991년~1995년,"일반직장인(재무, 구매, 설계 등등)",10만원 초과 30만원 이하,대학교 졸업(학사졸업),서울 밖의 경기,미혼,연애중,"헬스, 필라테스, 등산",3년 ~ 5년,ISTJ,"요리;시청각 자료 시청 관련 취미 ( 드라마, 유튭, 영화, 연극, 뮤지컬 시청 등);자기계발 등 공부;운동",매일,자기계발;스트레스 해소,연애,잘맞는 사람을 만남,회사업무,이직하고 적응,필라테스,새로운 운동 시작,등산,새로운 운동 시작,헬스,새로운 운동 시작,결혼,준비를 하게 되지 않을까 싶음,소모임,6,헬스
2023/11/09 10:24:13 오전 GMT+9,여성,1991년~1995년,"일반직장인(재무, 구매, 설계 등등)",1만원 초과 10만원 이하,대학교 졸업(학사졸업),서울 밖의 경기,기혼,,"웹소설, 수영 ",6개월 ~ 1년,Estj,독서;수영,주 2~3회,자기계발;스트레스 해소,신혼생활,1월에 결혼해서,글쓰기,임신하고 시간이 많아져서,아이 키우기,아이가 태어나서,임신 중 자격증 따기,둘째가 태어나기 전에 공부하려고,"수영, 공부하기",육아 틈틈히 내 생활 찾기,건강 챙기며 글도 많이 읽기,문화생활을 너무 못해서,사용 안함,4,시험 보기
2023/11/09 10:28:46 오전 GMT+9,여성,1981년~1990년,"일반직장인(재무, 구매, 설계 등등)",100만원 초괏갓갓갓갓,대학교 졸업(학사졸업),서울의 동쪽,미혼,연애중,골프 ,1년 ~ 2년,ESFJ,"구기 종목 활동 참여 취미(축구, 야구, 농구, 배구, 골프, 족구, 세팍타크로, 게이트볼 등);동계 스포츠 활동 참여(스키, 스노보드 등)",주 2~3회,자기계발;스트레스 해소;새로운 만남,여행,,캠핑,코로나로 외부 활동이 어려워 캠핑을 선택했음 ,캠핑 ,코로나로 외부 활동이 어려워 캠핑을 선택했음 ,골프,비즈니스로 골프를 시작했으나 개인적인 흥미가 생겨 집중하게 됨 ,골프,골프의 한타 한타 줄여가는 재미를 알게 됨 ,골프 ,90타 초반대 유지라는 목표가 있어서 달성하고자 함,사용 안함,6,승마
2023/11/09 10:29:04 오전 GMT+9,여성,1981년~1990년,"일반직장인(재무, 구매, 설계 등등)",1만원 초과 10만원 이하,대학교 졸업(학사졸업),서울의 서쪽,미혼,연애중,유튜브 시청하기,3년 ~ 5년,ESFJ,"시청각 자료 시청 관련 취미 ( 드라마, 유튭, 영화, 연극, 뮤지컬 시청 등);자기계발 등 공부;동계 스포츠 활동 참여(스키, 스노보드 등)",주 2~3회,스트레스 해소,....여행,ㅎㅎ,...,...,ㅇㅎ,..,ㅎㅎ,..,ㅜㅜ,..,"건강관리, 자기계발",...,프립,5,필라테스
2023/11/09 10:37:23 오전 GMT+9,여성,1991년~1995년,"일반직장인(재무, 구매, 설계 등등)",30만원 초과 60만원 이하,대학교 졸업(학사졸업),서울의 서쪽,미혼,휴식중,"바이크 타기, 아랍어 공부",1년 ~ 2년,ENTP,자기계발 등 공부;오토바이 타기인데 드라이빙계열이 선택지계열에 없네요,주 2~3회,자기계발;스트레스 해소,자전거,취업준비중이라 돈이없었음. 운동/스트레스해소,맛집 다니기/옷사기,갓 취직하여 월급 탕진하는 재미/소개팅 미팅 등,기억이안남,소비의 한계효용 체감. 확실한 효용을 주는 소비처 탐색,"국내여행, 등산","가족, 친구들과 건강한 여가즐기기","오토바이, 아랍어",취미/ 자기개발 1가지씩 정착 함,연애/결혼,같이 즐길  파트너 ,사용 안함;오프라인 동호회,3,동절기는 오토바이 비수기임. 2외국어 강의도 2개월간 쉬며 본업 활용하여 무역관련 부업 추진 중
2023/11/09 10:42:40 오전 GMT+9,남성,1991년~1995년,"일반직장인(재무, 구매, 설계 등등)",1만원 초과 10만원 이하,대학교 졸업(학사졸업),서울의 서쪽,미혼,비공개,탁구,1개월 ~ 3개월,Istj,"축구, 야구, 농구, 배구 등 스포츠 관람 취미;예술 관련 관람 취미 (미술관 관람 등);가무(노래 및 춤추기)",주 1회,스트레스 해소,농구관람,특별한이유X,재테크,주식투자 시작,코로나,가장 큰 사회적이슈,회사생활,새로운 회사 입사,탁구,현재 취미,여행,한동안 여행을 못가서,소모임;문토,3,탁구
2023/11/09 10:43:43 오전 GMT+9,여성,1991년~1995년,IT인,10만원 초과 30만원 이하,대학교 졸업(학사졸업),서울의 북쪽,미혼,휴식중,"뜨개, 운동(러닝)",5년 이상,entp,"예술 창작 활동(글쓰기, 공예, 드로잉 등);러닝",매일,스트레스 해소,해외여행,그 이후에 코로나때문에 못가서인지 마지막처럼 느껴지면서 가장 흥미롭게 느껴져요(지금와서 생각해보면),취업..,인생의 변환점,러닝시작,건강에 큰 변화가 생겨서,딱히 기억나는게 없어요,,이직,"가치관의 변화, 인생의 목표와 목적이 구체적으로 변해서",네트워킹,하는 일에 전문성을 갖고 싶어서,사용 안함,8,소소한 쇼핑? 패션에 관심이 생겼어요
2023/11/09 10:45:27 오전 GMT+9,남성,1981년~1990년,"일반직장인(재무, 구매, 설계 등등)",30만원 초과 60만원 이하,대학교 졸업(학사졸업),서울의 서쪽,미혼,휴식중,음악감상 영화보기 런닝,5년 이상,Infp,"요리;예술 관련 관람 취미 (미술관 관람 등);시청각 자료 시청 관련 취미 ( 드라마, 유튭, 영화, 연극, 뮤지컬 시청 등);독서;가무(노래 및 춤추기)",주 2~3회,자기계발;스트레스 해소,여행 및 회식,,드라마 영화감상,,드라마 영화 감상,,여행,,여행,,여행,,사용 안함,7,런닝
2023/11/09 10:45:33 오전 GMT+9,남성,1991년~1995년,"일반직장인(재무, 구매, 설계 등등)",1만원 초과 10만원 이하,석사 졸업,세종,기혼,,게임,5년 이상,ISTJ,"요리;축구, 야구, 농구, 배구 등 스포츠 관람 취미;시청각 자료 시청 관련 취미 ( 드라마, 유튭, 영화, 연극, 뮤지컬 시청 등);구기 종목 활동 참여 취미(축구, 야구, 농구, 배구, 골프, 족구, 세팍타크로, 게이트볼 등);자기계발 등 공부;동계 스포츠 활동 참여(스키, 스노보드 등)",거의 안함,스트레스 해소,야구직관,취업 후 처음으로 취미생활 시작,야구직관,야구직관 모임이 재미있어서,야구직관,야구직관 모임이 재미있어서,야구직관,야구직관 모임이 재미있어서,애기 키우기,애기가 너무 이쁘다,가족들과 놀러다니기,새로운 삶을 사는 재미가 있을것 같다,사용 안함,5,없음
2023/11/09 10:46:30 오전 GMT+9,남성,1991년~1995년,IT인,1만원 초과 10만원 이하,대학교 졸업(학사졸업),서울 밖의 경기,미혼,연애중,"운동입니다(헬스, 러닝)",3년 ~ 5년,INTJ,"요리;시청각 자료 시청 관련 취미 ( 드라마, 유튭, 영화, 연극, 뮤지컬 시청 등);독서;음주;가무(노래 및 춤추기);자기계발 등 공부;비디오 게임(플레이스테이션, 닌텐도, PC, XBOX 등);보드게임(부루마불, 할리갈리 등);하계 스포츠 활동 참여(구기 외 서핑, 스쿠버다이빙 등);동계 스포츠 활동 참여(스키, 스노보드 등);그냥 운동 (헬스 러닝 등)",주 2~3회,자기계발;스트레스 해소;연인과의 행복한 시간;친구와의 진득한 시간,러닝,러닝동아리에서 스트레스를 잘 풀 수 있었음.,주식,인생역전,헬스,코로나로 인해 지인을 만나지 못했습니다.,여행,코로나 거리두기가 끝나서 놀러다니기 시작했던것 같아요.,주식,내집마련..,여행 (해외),"요즘 주위에 해외여행을 많이 가는데, 24년도에는 해외 여행을 가볼까 합니다.",사용 안함,1,올해 여름에 서핑을 했는데 매우 재미있었습니다.
2023/11/09 10:52:26 오전 GMT+9,남성,1991년~1995년,"일반직장인(재무, 구매, 설계 등등)",1만원 초과 10만원 이하,대학교 졸업(학사졸업),서울 밖의 경기,기혼,,클라이밍,2년 ~ 3년,Infj,"축구, 야구, 농구, 배구 등 스포츠 관람 취미;시청각 자료 시청 관련 취미 ( 드라마, 유튭, 영화, 연극, 뮤지컬 시청 등);독서;클라이밍",주 1회,자기계발;스트레스 해소,맨몸운동,다이어트,클라이밍,재미,클라이밍,재미,결혼,인생의 변화,클라이밍,재미,클라이밍,인생의 취미,인스타그램,1,클라이밍
2023/11/09 10:54:25 오전 GMT+9,남성,1991년~1995년,"일반직장인(재무, 구매, 설계 등등)",10만원 초과 30만원 이하,대학교 졸업(학사졸업),서울의 서쪽,기혼,,카톡,5년 이상,istj,"악기 연주( 현악, 관악 등 모두 가능)",매일,자기계발,카톡,카톡,카톡,카톡,카톡,카톡,카톡,카톡,카톡,카톡,치킨,치킨,오프라인 동호회,5,카톡
2023/11/09 10:57:10 오전 GMT+9,여성,1981년~1990년,금융인,30만원 초과 60만원 이하,대학교 졸업(학사졸업),서울 밖의 경기,기혼,,"등산,자전거,스노우보드,캠핑",5년 이상,ISTJ,"음주;하계 스포츠 활동 참여(구기 외 서핑, 스쿠버다이빙 등);동계 스포츠 활동 참여(스키, 스노보드 등)",주 2~3회,스트레스 해소,스노우보드,,등산,사람 접촉없이 할 수 있는 활동이라,캠핑,사람 접촉없이 즐길 수 있어서,스노우보드,오랜취미,스노우보드,오랜취미,테니스,새로운 취미를 가져보고 싶어서,오프라인 동호회,2,테니스
2023/11/09 11:00:49 오전 GMT+9,여성,1996년~2000년,방송,30만원 초과 60만원 이하,대학교 졸업(학사졸업),서울의 북쪽,미혼,휴식중,폴댄스,3년 ~ 5년,enfp,"시청각 자료 시청 관련 취미 ( 드라마, 유튭, 영화, 연극, 뮤지컬 시청 등);보드게임(부루마불, 할리갈리 등);폴댄스",주 1회,스트레스 해소,방탈출,친구들과 많이 할 수 있어서,원데이클래스,할사람과 돈이 다 있어서,방탈출,야외방탈출이 생겨서,폴댄스,자격증취득,보드게임,할 친구들이 생겨서,취창업클래스,생각이있어서,솜씨당;아이디어스,6,보드게임
2023/11/09 11:13:23 오전 GMT+9,여성,1991년~1995년,IT인,30만원 초과 60만원 이하,대학교 졸업(학사졸업),서울 밖의 경기,미혼,휴식중,"스쿠버다이빙, 골프",1년 ~ 2년,ESTP,"축구, 야구, 농구, 배구 등 스포츠 관람 취미;시청각 자료 시청 관련 취미 ( 드라마, 유튭, 영화, 연극, 뮤지컬 시청 등);자기계발 등 공부;보드게임(부루마불, 할리갈리 등);하계 스포츠 활동 참여(구기 외 서핑, 스쿠버다이빙 등)",주 2~3회,자기계발;스트레스 해소,여행,적당한 여유,새로운 만남,소모임 참여를 통한 인맥 형성,주식 코인,시장의 유동성,vc투자,정책자금 증가로 투자 여력 확대,운동,건강관리의 필요성 체감,휴식,스트레스 관리,프립;솜씨당;오프라인 동호회,6,필라테스
2023/11/09 11:17:11 오전 GMT+9,남성,1976년~1980년,IT인,10만원 초과 30만원 이하,대학교 졸업(학사졸업),서울 밖의 경기,미혼,연애중,"바이크, 농구 및 기타 운동",2년 ~ 3년,ENFJ,"예술 관련 관람 취미 (미술관 관람 등);시청각 자료 시청 관련 취미 ( 드라마, 유튭, 영화, 연극, 뮤지컬 시청 등);가무(노래 및 춤추기);영상 창작 활동(영화, 연극 등 제작 혹은 참여);구기 종목 활동 참여 취미(축구, 야구, 농구, 배구, 골프, 족구, 세팍타크로, 게이트볼 등);자기계발 등 공부;비디오 게임(플레이스테이션, 닌텐도, PC, XBOX 등);바이크",주 1회,스트레스 해소,출근 / 동호회 활동,이직 이후 업무 변경이 있었습니다. / 새롭게 알게된 동호회 사람들과 새로운 관계 맺기,바이크,새로운 취미 활동,업무 변경,새로운 업무,연애,안외로워서,집마련,대출압박,미래,알수없어서,오프라인 동호회;네이버 밴드,5,없습니다
2023/11/09 11:28:48 오전 GMT+9,여성,1991년~1995년,"사장님, 대표님 등 헤드(친하게 지내요)",100만원 초괏갓갓갓갓,대학교 졸업(학사졸업),서울의 남쪽,미혼,연애중,"책읽기 , 술마시기, 꽃꽂이하기 ",5년 이상,ENtP,"독서;음주;예술 창작 활동(글쓰기, 공예, 드로잉 등)",매일,자기계발;스트레스 해소;자기만족,음주가무,즐거울 나이였습니다 ,음주가뮤,바뀌지않았습니나다,음주가무,바뀌지않았습니나다,바뀌지않았습니나다,바뀌지않았습니나다,바뀌지않았습니나다,바뀌지않았습니나다,바뀌지않았습니나다,바뀌지않았습니나다,사용 안함,2,바뀌지않았습니나다
2023/11/09 11:39:02 오전 GMT+9,남성,1991년~1995년,의료인,1만원 이하,대학교 졸업(학사졸업),서울 밖의 경기,미혼,휴식중,웹소설,5년 이상,istj,"축구, 야구, 농구, 배구 등 스포츠 관람 취미;독서",매일,스트레스 해소,웹소설,평소 즐겨하는 취미,웹소설,평소 즐겨하는 취미,웹소설,평소 즐겨하는 취미,웹소설,평소 즐겨하는 취미,웹소설,평소 즐겨하는 취미,웹소설,평소 즐겨하는 취미,"네이버 시리즈, 카카오페이지",1,웹소설
2023/11/09 11:43:31 오전 GMT+9,여성,1991년~1995년,금융인,1만원 초과 10만원 이하,대학교 졸업(학사졸업),서울의 서쪽,미혼,연애중,게임,5년 이상,INTJ,"비디오 게임(플레이스테이션, 닌텐도, PC, XBOX 등);보드게임(부루마불, 할리갈리 등)",주 2~3회,스트레스 해소;친구와의 진득한 시간,게임,플스4를 마련해서 디트로이트 비컴 휴먼이라는 취향 게임을 함,게임,코로나 시즌에 기대작인 모동숲 출시 ,달리기,코로나 시즌에 답답해서 홀로라도 밖에서 뛰는게 좋앗음,게임,포켓몬 아르세우스 및 포켓몬 스칼렛 바이올렛 신작이 나옴 ,보드게임,보드게임에 입문함 ,운동,수영을 배워볼까함,디스코드,6,보드게임
2023/11/09 12:42:23 오후 GMT+9,여성,1991년~1995년,"일반직장인(재무, 구매, 설계 등등)",10만원 초과 30만원 이하,석사 졸업,서울의 서쪽,미혼,휴식중,아이돌 덕질,3년 ~ 5년,ENFJ,"예술 관련 관람 취미 (미술관 관람 등);시청각 자료 시청 관련 취미 ( 드라마, 유튭, 영화, 연극, 뮤지컬 시청 등);독서;음주;예술 창작 활동(글쓰기, 공예, 드로잉 등);영상 창작 활동(영화, 연극 등 제작 혹은 참여)",주 2~3회,스트레스 해소,음주,스트레스를 많이 받았어요,OTT 시청,집에 갇혀있었어요,아이돌 덕질,집에 갇혀있었어요,"전시 관람, 공연 관람아이돌 덕질",해외에 살아서 이미 포스트 코로나 시대가 시작됐었어요,"아이돌 덕질, 공연관람",좋은 음악 듣는 게 좋아졌어요,아이돌 덕질,이제는 타성에 젖어서....,사용 안함,5,
2023/11/09 1:14:30 오후 GMT+9,여성,1991년~1995년,"일반직장인(재무, 구매, 설계 등등)",10만원 초과 30만원 이하,대학교 졸업(학사졸업),서울의 서쪽,미혼,연애중,운동,5년 이상,ENTJ,"가무(노래 및 춤추기);보드게임(부루마불, 할리갈리 등);동계 스포츠 활동 참여(스키, 스노보드 등)",주 1회,스트레스 해소;새로운 만남,여행,새로운 기회가 많아서 해외에서 살게 됨,"뉴스기사, 직콕",코로나로 인해서,유튜브,코로나가 길어져서,연애,인간관계가 변해서,집콕,긴축상황으로 들어가서 많이 변함,돈벌고 여행,다시 여행하고 싶어요,오프라인 동호회,6,러닝
2023/11/09 2:54:10 오후 GMT+9,남성,1991년~1995년,스-튜단트,10만원 초과 30만원 이하,대학교 졸업(학사졸업),미국,미혼,연애중,테니스,3년 ~ 5년,INFP,"악기 연주( 현악, 관악 등 모두 가능);축구, 야구, 농구, 배구 등 스포츠 관람 취미;시청각 자료 시청 관련 취미 ( 드라마, 유튭, 영화, 연극, 뮤지컬 시청 등);구기 종목 활동 참여 취미(축구, 야구, 농구, 배구, 골프, 족구, 세팍타크로, 게이트볼 등);비디오 게임(플레이스테이션, 닌텐도, PC, XBOX 등)",주 2~3회,자기계발;스트레스 해소,"동호회(개발자, 오케스트라 등)",사람 만나는 걸 좋아했다,테니스,모든 모임이 취소돼서 운동밖에 할 게 없었다,테니스,모든 모임이 취소돼서 운동밖에 할 게 없었다,테니스,새로운 취미를 만들기엔 시간이 없고 잘 하는거나 하자는 느낌,테니스,이젠 돌이킬 수 없다,테니스,이제 대회에 나갈 실력이 돼서 더 재밌게 할 수 있을 것 같다,소모임,5,테니스
2023/11/09 3:01:21 오후 GMT+9,여성,1991년~1995년,"일반직장인(재무, 구매, 설계 등등)",10만원 초과 30만원 이하,대학교 졸업(학사졸업),광역시,미혼,연애중,아이돌덕질,5년 이상,istp,"시청각 자료 시청 관련 취미 ( 드라마, 유튭, 영화, 연극, 뮤지컬 시청 등);등산",월 1회,스트레스 해소;새로운 만남,기억이 잘 나지 않습니다,,기억이 잘 나지 않습니다,,기억이 잘 나지 않습니다,,국내여행,코로나로 인한 거리두기가 조금씩 완화되던 때였기 때문,일출산행,,산행과 연계한 국내여행,,오프라인 동호회,3,일출!! 산행
2023/11/09 3:12:53 오후 GMT+9,여성,1981년~1990년,IT인,10만원 초과 30만원 이하,석사 졸업,서울의 남쪽,기혼,,골프,3년 ~ 5년,ENTJ,"악기 연주( 현악, 관악 등 모두 가능);예술 관련 관람 취미 (미술관 관람 등);시청각 자료 시청 관련 취미 ( 드라마, 유튭, 영화, 연극, 뮤지컬 시청 등);독서;구기 종목 활동 참여 취미(축구, 야구, 농구, 배구, 골프, 족구, 세팍타크로, 게이트볼 등);자기계발 등 공부",주 1회,자기계발;스트레스 해소,육아하느라 바빴습니다ㅜ 간간히 독서했습니다.(주로 육아서를 본것같아요),,골프,코로나로 해외나가기도 힘들고 골프가 대유행이었습니다.,골프와 자기계발,재테크붐이 불기도했고 제가 스타트업에 몸을 담고있어서 자연스럽게 자기계발에 관심이 많았습니다.,골프와 자기계발,계속 저의 관심을 이어나갔습니다.,골프와 자기계발,,골프와 자기계발,아직원하는 목표치에 다다르지 못했습니다.,"클래스101;아이디어스;인스타와 유투브를 통해 많이 영감받습니다. 골프자세 레슨, 독서시는 도서선정등",6,투자 or 사업
2023/11/09 3:21:08 오후 GMT+9,여성,1991년~1995년,"일반직장인(재무, 구매, 설계 등등)",10만원 초과 30만원 이하,대학교 졸업(학사졸업),서울 밖의 경기,기혼,,넷플릭스 보기,3년 ~ 5년,ESFJ,"시청각 자료 시청 관련 취미 ( 드라마, 유튭, 영화, 연극, 뮤지컬 시청 등);독서",매일,스트레스 해소,일,일을 잘하고 싶어 일에 대한 고민이 많았던 시기,연애,30대를 앞두고 결혼할 상대릉 찾는것이 중요하다고 생각했었음,헬스,바디프로필에 대한 관심이 생겨 운동을 열심히 했음,새직장,첫 이직을 하고 잘 적응하기 위해 고민하고 노력함,결혼 및 결혼생활,결혼을 결심하고 난 뒤에 결혼 준비에 대해 결혼 생활에 대해 관심이 많았음,자기관리,본격 30대를 맞아 정신과 몸이 건강하고 싶어서,클래스101,5,테니스
2023/11/09 3:30:27 오후 GMT+9,여성,1996년~2000년,금융인,30만원 초과 60만원 이하,대학교 졸업(학사졸업),서울의 서쪽,미혼,연애중,놀이공원/맛집탐방,2년 ~ 3년,estj,"요리;예술 관련 관람 취미 (미술관 관람 등);시청각 자료 시청 관련 취미 ( 드라마, 유튭, 영화, 연극, 뮤지컬 시청 등);가무(노래 및 춤추기);구기 종목 활동 참여 취미(축구, 야구, 농구, 배구, 골프, 족구, 세팍타크로, 게이트볼 등);하계 스포츠 활동 참여(구기 외 서핑, 스쿠버다이빙 등)",주 1회,스트레스 해소;연인과의 행복한 시간,뒷풀이,,쇼핑,,여행,,테니스,,맛집탐방,,여행,,소모임,8,스쿠버다이빙
2023/11/09 3:34:14 오후 GMT+9,여성,1991년~1995년,스-튜단트,10만원 초과 30만원 이하,석사 졸업,서울의 동쪽,비공개,,"웨이트, 서핑, 염색",3년 ~ 5년,ESTJ,"시청각 자료 시청 관련 취미 ( 드라마, 유튭, 영화, 연극, 뮤지컬 시청 등);가무(노래 및 춤추기);자기계발 등 공부;하계 스포츠 활동 참여(구기 외 서핑, 스쿠버다이빙 등)",월 1회,자기계발;스트레스 해소,"여행, 필라테스",,"댄스, 서핑, 주식",,"웨이트, 자기개발",,"염색, 공부",,"서핑, 염색",,"여행, 웨이트, 서핑, 공연/전시, 독서",,프립,4,
2023/11/09 3:34:21 오후 GMT+9,여성,1991년~1995년,금융인,10만원 초과 30만원 이하,대학교 졸업(학사졸업),서울의 서쪽,미혼,비공개,"헬스, 등산, 골프, 전시보기",5년 이상,ENFP,"예술 관련 관람 취미 (미술관 관람 등);시청각 자료 시청 관련 취미 ( 드라마, 유튭, 영화, 연극, 뮤지컬 시청 등);독서;음주;자기계발 등 공부;하계 스포츠 활동 참여(구기 외 서핑, 스쿠버다이빙 등);동계 스포츠 활동 참여(스키, 스노보드 등)",주 2~3회,스트레스 해소,이직,새로운 업계에 도전했기 때문,주식시장,IMF 이후 가장 큰 변동성이 흥미로웠음,이직,유사하지만 다른 업계에서 새로운 커리어를 시작하는 것에 대한 설렘,상장,처음으로 업무적인 성과를 냄,연애,오랜만에 했기 때문,이직,이제 여기서 일 그만하고 싶네요..,사용 안함,4,스킨스쿠버
2023/11/09 3:37:26 오후 GMT+9,여성,1991년~1995년,IT인,30만원 초과 60만원 이하,대학교 졸업(학사졸업),서울의 서쪽,미혼,휴식중,여행 맛집탐방 유투브보기,5년 이상,estp,"시청각 자료 시청 관련 취미 ( 드라마, 유튭, 영화, 연극, 뮤지컬 시청 등);음주;여행",주 2~3회,스트레스 해소,맛집탐방,,음주,,맛집탐방,,테니스,,맛집탐방 여행 ,,여행,,오프라인 동호회,2,여행
2023/11/09 3:38:52 오후 GMT+9,여성,1991년~1995년,금융인,1만원 초과 10만원 이하,대학교 졸업(학사졸업),서울의 서쪽,미혼,연애중,유튜브 넷플릭스 공연관람 등산,5년 이상,ENFP,"예술 관련 관람 취미 (미술관 관람 등);시청각 자료 시청 관련 취미 ( 드라마, 유튭, 영화, 연극, 뮤지컬 시청 등);독서;음주;가무(노래 및 춤추기);웨이트",주 2~3회,스트레스 해소,술,,유튜브,,명품,,등산 국내여행 공연관람,,테일러 스위프트,,해외 공연,,사용 안함,5,클래식관람 테일러스위프트
2023/11/09 3:49:44 오후 GMT+9,여성,1996년~2000년,금융인,10만원 초과 30만원 이하,대학교 졸업(학사졸업),서울의 북쪽,미혼,연애중,"운동, 넷플릭스, 드라이브",2년 ~ 3년,ESTJ,"축구, 야구, 농구, 배구 등 스포츠 관람 취미;시청각 자료 시청 관련 취미 ( 드라마, 유튭, 영화, 연극, 뮤지컬 시청 등);독서;음주",주 2~3회,자기계발;스트레스 해소,유럽여행,독일로 교환학생을 가있었기 때문입니다,취직준비,취업을 해야했습니다...,이직,원하는 곳으로 이직하고 싶었습니다..,여행,원하던 곳으로 이직도 하였고 코로나도 얼추 마무리되어 여행에 애한 흥미가 커졌습니다.,연애,이직한 곳에 얼추 적응도 했고 남자친구와도 헤어졌기 때문입니다. 제 연애보다는 남의 연애 이야기 듣는 게 너무 재미있는 올해였습니다ㅎㅎ,"운동, 몸 만들기",운동을 꽤 오랫동안 하고 있는데 더 제대로 해보고 싶습니다.,소모임,4,최근에 처음 야구를 보러 갔는데 너무너무 재밌어서 앞으로 꾸준히 가려고 합니다. 지금은 제가 응원하게 된 팀이 떨어져서 못 가고 있습니다..
2023/11/09 3:53:35 오후 GMT+9,남성,1991년~1995년,"일반직장인(재무, 구매, 설계 등등)",10만원 초과 30만원 이하,대학교 졸업(학사졸업),서울의 서쪽,미혼,연애중,"웹툰보기, 사진찍기, 여행유튜브보기",1년 ~ 2년,INFJ,"시청각 자료 시청 관련 취미 ( 드라마, 유튭, 영화, 연극, 뮤지컬 시청 등);음주;자기계발 등 공부",주 1회,자기계발;스트레스 해소,연애사업,,"여행유튜브보기, 모임",,여행유튜브보기 웹툰보기,,여행유튜브보기,,사람들과의 만남,,사람들과의 만남 및 개인발전,,프립;오프라인 동호회,3,
2023/11/09 3:56:18 오후 GMT+9,여성,1981년~1990년,금융인,10만원 초과 30만원 이하,대학교 졸업(학사졸업),서울의 남쪽,미혼,비공개,테니스 ,1년 ~ 2년,ESFJ,"독서;구기 종목 활동 참여 취미(축구, 야구, 농구, 배구, 골프, 족구, 세팍타크로, 게이트볼 등);자기계발 등 공부",주 1회,자기계발;스트레스 해소;새로운 만남;친구와의 진득한 시간,맛집탐방,,새로운 사람들 만나기,,독서,,여행,,DFMBA,,무사졸업,,사용 안함;오프라인 동호회,7,
2023/11/09 3:57:44 오후 GMT+9,여성,1991년~1995년,교육인,30만원 초과 60만원 이하,대학교 졸업(학사졸업),서울 밖의 경기,미혼,비공개,"수영, 뮤지컬 관람 등",5년 이상,INTP,"요리;시청각 자료 시청 관련 취미 ( 드라마, 유튭, 영화, 연극, 뮤지컬 시청 등);독서;음주;자기계발 등 공부;하계 스포츠 활동 참여(구기 외 서핑, 스쿠버다이빙 등)",주 2~3회,자기계발;스트레스 해소,스쿠버다이빙,새로운 도전이었다,사진 촬영,코로나로 인해 할 수 있는 취미가 매우 제한 되어서,국내 여행,해외에 나갈 수 없는 상태에서 스트레스를 풀기 위해,클라이밍,수영 대신 할 수 있는 운동을 찾아야 해서,해외 여행,코로나로 인한 제한이 대체로 풀려서,스쿠버 다이빙,19년도에 즐겁게 했는데 이제 다시 할 여건이 되지 않을까 싶어서,사용 안함,3,고전 영화 감상
2023/11/09 4:02:46 오후 GMT+9,여성,1991년~1995년,금융인,30만원 초과 60만원 이하,대학교 졸업(학사졸업),서울의 남쪽,미혼,휴식중,"골프, 테니스",2년 ~ 3년,ESTJ,"축구, 야구, 농구, 배구 등 스포츠 관람 취미;음주;하계 스포츠 활동 참여(구기 외 서핑, 스쿠버다이빙 등);동계 스포츠 활동 참여(스키, 스노보드 등)",주 2~3회,자기계발;스트레스 해소,넷플릭스 시청,,골프,,여행,,"골프, 여행",,테니스,,해외여행,,사용 안함,,
2023/11/09 4:07:52 오후 GMT+9,남성,1991년~1995년,금융인,100만원 초괏갓갓갓갓,석사 졸업,서울의 북쪽,미혼,휴식중,축구,5년 이상,ESFJ,"요리;축구, 야구, 농구, 배구 등 스포츠 관람 취미;시청각 자료 시청 관련 취미 ( 드라마, 유튭, 영화, 연극, 뮤지컬 시청 등);구기 종목 활동 참여 취미(축구, 야구, 농구, 배구, 골프, 족구, 세팍타크로, 게이트볼 등);자기계발 등 공부",주 2~3회,자기계발;스트레스 해소,회사업무,,부서이동,,인사합병 여부 및 연봉인상폭,,이직,,승진,,골프를 잘치고싶음,,프립;소모임,4,골프
2023/11/09 4:11:02 오후 GMT+9,여성,1991년~1995년,법조인,1만원 초과 10만원 이하,석사 졸업,서울의 서쪽,미혼,휴식중,"전시관람, 그림그리기, 러닝",5년 이상,ENFJ,"예술 관련 관람 취미 (미술관 관람 등);시청각 자료 시청 관련 취미 ( 드라마, 유튭, 영화, 연극, 뮤지컬 시청 등);예술 창작 활동(글쓰기, 공예, 드로잉 등);구기 종목 활동 참여 취미(축구, 야구, 농구, 배구, 골프, 족구, 세팍타크로, 게이트볼 등)",월 1회,자기계발;스트레스 해소,딱히 없었음,,딱히 없었음,,그림 그리기,시험 합격발표 기다리는 동안(4개월) 시간이 많아서 그림을 많이 그림,골프,새로 시작한 취미(골프)가 생각한 것보다 재밌어서,위스키,어쩌다보니 동아리 총무를 맡게 되어서,24년에 가봐야 알 것 같지만.. 굳이 꼽자면 연애?ㅎㅎ,올해는 어려울 것 같아서,프립;당근(러닝 모임),5,클라이밍 - 안 해봤는데 재밌어 보여 도전해보고싶음
2023/11/09 4:18:16 오후 GMT+9,여성,1996년~2000년,금융인,10만원 초과 30만원 이하,대학교 졸업(학사졸업),서울의 남쪽,미혼,휴식중,"그림그리기, 요가",2년 ~ 3년,Enfj,"예술 관련 관람 취미 (미술관 관람 등);예술 창작 활동(글쓰기, 공예, 드로잉 등)",주 2~3회,자기계발;스트레스 해소,요가,취업준비 및 공부로 체력증진을 위해서,주식,증권사에 입사하고 돈을 많이 벌고 싶어서,부동산,부동산이 엄청 오를때라 집을 사고 싶어서,일,부서 이동으로 일을 가장 열심히 할때였습니다,그림,일도 연애도 맘대로 안되지만 그림은 마음대로 완성 할수 있어서,그림 및 전시회 기획,취미를 더 전문적으로 배워서 제2의 직업으로 삼고자 합니다,사용 안함,5,테니스 !!
2023/11/09 4:28:06 오후 GMT+9,남성,1991년~1995년,금융인,30만원 초과 60만원 이하,대학교 졸업(학사졸업),서울의 서쪽,미혼,휴식중,게임,5년 이상,Enfp,"악기 연주( 현악, 관악 등 모두 가능);축구, 야구, 농구, 배구 등 스포츠 관람 취미;예술 관련 관람 취미 (미술관 관람 등);음주;가무(노래 및 춤추기);비디오 게임(플레이스테이션, 닌텐도, PC, XBOX 등)",주 2~3회,스트레스 해소,모든 취미,신입시절이라,주식시장,변동성,주식시장,변동성,여행,스트레스 해소,여행,스트레스해소,여행,스트레스해소,사용 안함,4,수영
2023/11/09 4:29:51 오후 GMT+9,남성,1981년~1990년,금융인,30만원 초과 60만원 이하,대학교 졸업(학사졸업),서울의 남쪽,비공개,,"유튜브보기, 멍때리기, 옛날게임하기, 드라이브하기",2년 ~ 3년,ISTJ,"축구, 야구, 농구, 배구 등 스포츠 관람 취미;가무(노래 및 춤추기);구기 종목 활동 참여 취미(축구, 야구, 농구, 배구, 골프, 족구, 세팍타크로, 게이트볼 등);보드게임(부루마불, 할리갈리 등)",월 1회,스트레스 해소;친구와의 진득한 시간,사업아이템 찾기,돈버는 것에 관심,교제,사람 만나서 위로받기,주식투자,수익창출,자전거타기,같은 구간에서 시간 단축 노력,김하성 야구보기,김하성의 야구에는 감동이 있다,여행,가족들과 여행가고 싶어서,사용 안함,1,식상한 골프연습
2023/11/09 4:29:56 오후 GMT+9,남성,1981년~1990년,"일반직장인(재무, 구매, 설계 등등)",1만원 초과 10만원 이하,대학교 졸업(학사졸업),서울의 남쪽,기혼,,육아…,1년 ~ 2년,estp,"축구, 야구, 농구, 배구 등 스포츠 관람 취미;육아…",매일,스트레스 해소,bts 덕질,,넷플릭스,,브롤스타즈,,육아…,,대학원 공뷰,,쉼,,사용 안함,,
2023/11/09 4:35:09 오후 GMT+9,여성,1991년~1995년,금융인,10만원 초과 30만원 이하,대학교 졸업(학사졸업),서울의 서쪽,미혼,휴식중,"음악회, 트레킹",5년 이상,Istj,"예술 관련 관람 취미 (미술관 관람 등);시청각 자료 시청 관련 취미 ( 드라마, 유튭, 영화, 연극, 뮤지컬 시청 등)",월 1회,스트레스 해소,해외여행,,유튜브,,유튜브,,해외여행,,해외여행,,여행,,사용 안함,2,"여행, 맛집"
2023/11/09 5:10:12 오후 GMT+9,남성,1991년~1995년,금융인,1만원 초과 10만원 이하,석사 졸업,서울의 동쪽,미혼,연애중,축구하기 축구보기 운동,5년 이상,ESFJ,"축구, 야구, 농구, 배구 등 스포츠 관람 취미;구기 종목 활동 참여 취미(축구, 야구, 농구, 배구, 골프, 족구, 세팍타크로, 게이트볼 등);비디오 게임(플레이스테이션, 닌텐도, PC, XBOX 등)",주 2~3회,스트레스 해소,축구,늘 좋아해서,비디오 게임,축구를 하기가 어려워서(코로나),축구,코로나 조금씩 풀려서 축구 가능해짐,축구,축구를 제일 좋아함,축구,축구를 제일 좋아함,축구,축구를 제일 좋아함,오프라인 동호회,4,없음
2023/11/09 5:54:56 오후 GMT+9,남성,1991년~1995년,금융인,10만원 초과 30만원 이하,대학교 졸업(학사졸업),서울의 북쪽,미혼,휴식중,게임,5년 이상,enfj,"음주;비디오 게임(플레이스테이션, 닌텐도, PC, XBOX 등)",주 2~3회,스트레스 해소,게임,,게임,,게임,,게임,,게임,,게임,,사용 안함,1,없음
2023/11/09 6:08:27 오후 GMT+9,여성,1991년~1995년,건설인,10만원 초과 30만원 이하,대학교 졸업(학사졸업),서울의 서쪽,기혼,,골프 식물 키우기,3년 ~ 5년,Enfp,"축구, 야구, 농구, 배구 등 스포츠 관람 취미;예술 관련 관람 취미 (미술관 관람 등);시청각 자료 시청 관련 취미 ( 드라마, 유튭, 영화, 연극, 뮤지컬 시청 등);독서;구기 종목 활동 참여 취미(축구, 야구, 농구, 배구, 골프, 족구, 세팍타크로, 게이트볼 등);자기계발 등 공부;보드게임(부루마불, 할리갈리 등);식물 키우기",주 2~3회,스트레스 해소;연인과의 행복한 시간,식물 키우기,집에서 가장 많이 시간 보내며 식물 증식에 재미,자격증 취득,관심분야 공부하다가 모임이 결성됭결성됨,남자친구 골프,취뽀 후 자신감 상승 여가활동의 자유 만끽,웨딩 부동산,결혼을 그리다보니 자연스럽게 알아보게 됨,건강 공동취미,배우자가 생김 둘이 함께 할 수 있는 취미 찾기 중임,이직,결혼으로 안정 이직에 대한 고민이 드는 시기,사용 안함,1,2인이서 즐길 수 있는 보드게임 요가
2023/11/09 6:15:24 오후 GMT+9,여성,1991년~1995년,의료인,1만원 초과 10만원 이하,대학교 졸업(학사졸업),서울의 남쪽,미혼,비공개,드라마보기,5년 이상,Istj,"시청각 자료 시청 관련 취미 ( 드라마, 유튭, 영화, 연극, 뮤지컬 시청 등)",주 2~3회,스트레스 해소,기억이 잘 안남,,코로나 관련 뉴스,,기억이 잘 안남,,환승연애,,나는솔로,,드라마 재밌는거 했으면,,솜씨당,5,"테니스
배우고 싶다"
2023/11/09 6:40:26 오후 GMT+9,여성,1991년~1995년,금융인,10만원 초과 30만원 이하,대학교 졸업(학사졸업),서울 밖의 경기,기혼,,발레,1년 ~ 2년,Istj,"시청각 자료 시청 관련 취미 ( 드라마, 유튭, 영화, 연극, 뮤지컬 시청 등);가무(노래 및 춤추기)",주 2~3회,스트레스 해소,연애,취업후라서,워라밸,일이힘들어서,이직,탈출해서,결혼,소개팅안해도되서,가구,또다른 사치품의세계,자유,경제적자유를 이루고싶어서,사용 안함,7,플라워
2023/11/09 6:41:02 오후 GMT+9,남성,1991년~1995년,의료인,1만원 초과 10만원 이하,대학교 졸업(학사졸업),서울의 서쪽,미혼,휴식중,게임,5년 이상,Istj,"시청각 자료 시청 관련 취미 ( 드라마, 유튭, 영화, 연극, 뮤지컬 시청 등);비디오 게임(플레이스테이션, 닌텐도, PC, XBOX 등)",매일,스트레스 해소,게임,특별한 이유 없음,게임,특별한 이유 없음,게임,특별한 이유 없음,게임,특별한 이유 없음,게임,특별한 이유 없음,딱히 없음,,사용 안함,1,없음
2023/11/09 7:14:44 오후 GMT+9,남성,1991년~1995년,"일반직장인(재무, 구매, 설계 등등)",10만원 초과 30만원 이하,박사 졸업,서울의 남쪽,기혼,,없음,5년 이상,Istj,"요리;독서;비디오 게임(플레이스테이션, 닌텐도, PC, XBOX 등)",매일,습관,대학원졸업,노예해방,직장생활,경기도 노동자생활,퇴근 후 산책,코로나로 여유로운 한 해였습니다.,결혼준비,결혼 준비과정에서 돈 뜯어가려는 장사꾼이 가득함,빅뱅이론,생각보다 꿀잼,엑스박스,어제 당근으로 콘솔 샀음 무조건 재밌을듯,사용 안함,4,엑스박스로 게임해보려고합니다
2023/11/09 8:41:24 오후 GMT+9,여성,1991년~1995년,"일반직장인(재무, 구매, 설계 등등)",10만원 초과 30만원 이하,대학교 졸업(학사졸업),서울의 남쪽,미혼,연애중,테니스,2년 ~ 3년,Entj,"요리;예술 관련 관람 취미 (미술관 관람 등);시청각 자료 시청 관련 취미 ( 드라마, 유튭, 영화, 연극, 뮤지컬 시청 등);독서;가무(노래 및 춤추기);구기 종목 활동 참여 취미(축구, 야구, 농구, 배구, 골프, 족구, 세팍타크로, 게이트볼 등);자기계발 등 공부;요가",주 2~3회,자기계발;스트레스 해소;건강한 몸을 위해,뮤직페스티벌,흥과 신이나서,테니스,스트레스 풀려서,성형수술과 시술,외모가 나아져서,요리,집중하게 돼서,테니스,사람들과 만나서,요리,더 잘해보고 싶어서,오프라인 동호회,5,테니스
2023/11/09 9:02:53 오후 GMT+9,남성,1991년~1995년,컨설턴트,10만원 초과 30만원 이하,석사 졸업,서울의 동쪽,미혼,휴식중,"게임, 맛집탐방",5년 이상,INFJ,"시청각 자료 시청 관련 취미 ( 드라마, 유튭, 영화, 연극, 뮤지컬 시청 등);음주;가무(노래 및 춤추기);비디오 게임(플레이스테이션, 닌텐도, PC, XBOX 등)",주 1회,스트레스 해소;친구와의 진득한 시간,게임,홀로 타지에 있다보니 혼자 집에서 할 수 있는 게임이 흥미로웠습니다.,게임,코로나로 인해 외출이 힘들다 보니 게임을 많이 했습니다.,드라마 및 시청각 자료 시청,"게임이 질려 더이상 하지 않고, 대학원 진학 준비 중 틈틈히 시청각 자료를 봤던 것 같습니다",드라이브,대학원 과정 중 동기들과 종종 드라이브를 다닐 기회가 있어 흥미로웠습니다.,"술자리, 사람들과 보내는 시간","한국으로 귀국 후 직장생활을 하니, 사람들과 만나는 시간이 제일 흥미롭습니다.",클라이밍,육체를 움직이는 취미활동을 하고자 합니다.,사용 안함,2,"취미인지는 모르겠으나, SQL 실력향상을 위해 심심할때마다 쿼리 짜는 연습을 하고 있습니다."
2023/11/09 9:03:04 오후 GMT+9,남성,1981년~1990년,유통인,10만원 초과 30만원 이하,대학교 졸업(학사졸업),서울의 동쪽,기혼,,위스키,1년 ~ 2년,Estj,"축구, 야구, 농구, 배구 등 스포츠 관람 취미;시청각 자료 시청 관련 취미 ( 드라마, 유튭, 영화, 연극, 뮤지컬 시청 등);음주;구기 종목 활동 참여 취미(축구, 야구, 농구, 배구, 골프, 족구, 세팍타크로, 게이트볼 등);자기계발 등 공부",주 1회,자기계발;스트레스 해소;새로운 만남;연인과의 행복한 시간;친구와의 진득한 시간,출산준비,첫 아이 기대,코로나,종말이 오나...,부동산,집 못살거같아서.. ,엔데믹,이제끝인가...,Dfmbs,동기들 너무 애정함,휴학 ,창업도전,클래스101;오프라인 동호회,5,"위스키, 창업"
2023/11/09 9:12:28 오후 GMT+9,남성,1981년~1990년,금융인,30만원 초과 60만원 이하,대학교 졸업(학사졸업),서울의 북쪽,미혼,휴식중,골프 수영,2년 ~ 3년,infj,"구기 종목 활동 참여 취미(축구, 야구, 농구, 배구, 골프, 족구, 세팍타크로, 게이트볼 등);하계 스포츠 활동 참여(구기 외 서핑, 스쿠버다이빙 등)",주 1회,스트레스 해소,,,,,,,,,,,,,,,
2023/11/10 8:49:54 오전 GMT+9,여성,1991년~1995년,"일반직장인(재무, 구매, 설계 등등)",1만원 초과 10만원 이하,대학교 졸업(학사졸업),서울의 북쪽,미혼,휴식중,"핸드폰 게임하기, 아이쇼핑",5년 이상,Istp,"예술 관련 관람 취미 (미술관 관람 등);시청각 자료 시청 관련 취미 ( 드라마, 유튭, 영화, 연극, 뮤지컬 시청 등);독서",주 1회,스트레스 해소,쇼핑,집에서도 할수 있고 밖에서도 할수있고,맛집탐방,,요가,,골프,"코로나 때 유행, 주변에서 많이 시작해서","공연, 뮤지컬",얼마전 아트뮤직 페스티발 가 봤는데 너무 재밌어서 더 보고 싶다,"글쓰기, 웹툰 그리기",,프립,3,핸드폰게임
2023/11/10 9:40:33 오전 GMT+9,남성,1991년~1995년,IT인,10만원 초과 30만원 이하,대학교 졸업(학사졸업),서울 밖의 경기,기혼,,"축구, 맛있는거먹기",5년 이상,ISFP,"축구, 야구, 농구, 배구 등 스포츠 관람 취미;시청각 자료 시청 관련 취미 ( 드라마, 유튭, 영화, 연극, 뮤지컬 시청 등);음주",주 2~3회,스트레스 해소;연인과의 행복한 시간,미국여행,미국의 다양한 곳을 여행하면서 문화를 즐겨보기도 하고 특색있는 풍경도 구경하면서 즐거운 시간을 보냈기때문,맛집탐방,SNS나 유튜브에 나왔던 맛집들을 많이 돌아다녔던거같음. 서울 곳곳에 있는 맛집들 가서 먹어보면서 즐거웠던 기억이 있음,따릉이(자전거),"회사와 집이 가까워 따릉이를 타고 출퇴근했었음. 꽤 긴 기간을 아침, 저녁으로 따릉이 타고다니면서 돈도 아끼고 건강도 챙길 수 있어서 좋았음.",공부,"새로운 분야의 공부를 시작하면서 평소해보지 못한것들을 배워볼 수 있었음. 또한, 다른 사람들과 함께 공부하면서 재미도 있었고 다양한 경험을 해볼 수 있어 흥미로웠음.","유튜브, OTT 시청 ","유튜브도 재밌게 보고 OTT로 다양한 컨텐츠들을 즐겨봤던거같음. 최강야구, 나는솔로 이런 방송들을 보면서 집에서 재밌는 시간을 보냈음.",운동,24년에는 운동에 취미를 좀 붙여야할 거 같음. 살도 찌고 건강 걱정도 되서 다양한 운동을 시도해보고자함.,사용 안함,5,"골프, 테니스"
2023/11/10 9:50:08 오전 GMT+9,남성,1981년~1990년,IT인,1만원 초과 10만원 이하,대학교 졸업(학사졸업),서울 밖의 경기,기혼,,달리기 ,2년 ~ 3년,ENTJ,"시청각 자료 시청 관련 취미 ( 드라마, 유튭, 영화, 연극, 뮤지컬 시청 등);독서;비디오 게임(플레이스테이션, 닌텐도, PC, XBOX 등);달리기,산책",매일,자기계발;스트레스 해소,게임 ,육아로 인한 환경 문제로 집에서 즐기는 취미에 집중 ,달리기 ,"40대에 접어들면서 체력 관리의 필요성을 느끼고, 체력 향상에 흥미를 느낌",마라톤 ,인내심으로 힘든걸 극복하고 성취하는 느낌 ,마라톤 ,,풀코스 도전,,풀코스 완주가 떙깁니다. ,목표를 가지고 준비해서 성취하는 성취감이 기대됩니다. ,사용 안함,6,트레일 러닝 (산악 마라톤) 
2023/11/10 10:03:07 오전 GMT+9,여성,1981년~1990년,IT인,1만원 초과 10만원 이하,대학교 졸업(학사졸업),서울의 남쪽,미혼,연애중,풋살,3년 ~ 5년,ISTJ,"축구, 야구, 농구, 배구 등 스포츠 관람 취미;구기 종목 활동 참여 취미(축구, 야구, 농구, 배구, 골프, 족구, 세팍타크로, 게이트볼 등)",주 1회,스트레스 해소,취미활동 본격 시작,,이직적응,,이직적응,, 여행자주다닌것,,새로운 취미발견,,유럽여행,,플랩,5,골프
2023/11/10 10:08:19 오전 GMT+9,여성,1981년~1990년,IT인,30만원 초과 60만원 이하,대학교 졸업(학사졸업),서울의 동쪽,미혼,연애중,"맛있는 안주와 술마시기, OTT 관람, 등산",5년 이상,ESTP,"요리;시청각 자료 시청 관련 취미 ( 드라마, 유튭, 영화, 연극, 뮤지컬 시청 등);음주;예술 창작 활동(글쓰기, 공예, 드로잉 등);달리기,산책",주 1회,자기계발;스트레스 해소;연인과의 행복한 시간;친구와의 진득한 시간,일...,이직했고 일이 재미있었음,일..,계속 일이 재미있었음..,운동,코로나로 집에만 있어서 답답해서,여행,코로나 풀리고 여행갈수있어서,등산,체력 증진,자기 계발,한살이라도 어릴때 지식을 좀 쌓아놔야 하지않을까 싶어서,사용 안함,3,제태크
2023/11/10 10:09:23 오전 GMT+9,여성,1981년~1990년,IT인,10만원 초과 30만원 이하,석사 졸업,서울 밖의 경기,기혼,,공연관람-대부분 뮤지컬. 독서. 골프,3년 ~ 5년,ENTP,"예술 관련 관람 취미 (미술관 관람 등);시청각 자료 시청 관련 취미 ( 드라마, 유튭, 영화, 연극, 뮤지컬 시청 등);독서;예술 창작 활동(글쓰기, 공예, 드로잉 등);구기 종목 활동 참여 취미(축구, 야구, 농구, 배구, 골프, 족구, 세팍타크로, 게이트볼 등);자기계발 등 공부",주 2~3회,자기계발;스트레스 해소;새로운 만남,기억안남,기억안남,아마도 책,미친듯이 읽던 시절,이직,이직성공,공연,간간히 보던 공연을 매달 보기시작,골프,처음 시작,창업,미래준비,클래스101;오프라인 동호회,3,글쓰기 모임
2023/11/10 10:10:03 오전 GMT+9,남성,1981년~1990년,IT인,10만원 초과 30만원 이하,대학교 졸업(학사졸업),서울의 남쪽,미혼,휴식중,"독서, 논픽션 콘텐츠 관람, 등산",5년 이상,ENFJ or INFP(검사할 때마다 번갈아가면서 나옵니다),"시청각 자료 시청 관련 취미 ( 드라마, 유튭, 영화, 연극, 뮤지컬 시청 등);독서",매일,자기계발;스트레스 해소,독서,,독서,,독서,,독서,,독서,,독서,,"교보문고 이북앱, 유튜브",,독서의 가치는 여전하지만 유튜브랑 병행하면서 콘텐츠 소비를 즐기고 있습니다(그냥 무조건 독서만 고집하는 건 위정척사일 수도 있음)
2023/11/10 10:18:50 오전 GMT+9,여성,1976년~1980년,IT인,10만원 초과 30만원 이하,대학교 졸업(학사졸업),서울의 서쪽,기혼,,캠핑,1년 ~ 2년,INTJ,"시청각 자료 시청 관련 취미 ( 드라마, 유튭, 영화, 연극, 뮤지컬 시청 등);독서;음주;캠핑",주 2~3회,스트레스 해소,독서,,독서,,독서,,캠핑,,캠핑,,"영어회화, 운동",,사용 안함,2,없음
2023/11/10 10:24:27 오전 GMT+9,여성,1981년~1990년,IT인,1만원 초과 10만원 이하,대학교 졸업(학사졸업),서울의 남쪽,미혼,연애중,러닝 자빠져있기 ott보기 가끔 책읽기,1개월 ~ 3개월,istp,"시청각 자료 시청 관련 취미 ( 드라마, 유튭, 영화, 연극, 뮤지컬 시청 등);독서;달리기,산책",주 2~3회,스트레스 해소,뮤지컬,좋아하는 뮤지컬 배우들이 좋아하는 뮤지컬에 많이 나옴,뮤지컬,좋아하는 뮤지컬 배우들이 좋아하는 뮤지컬에 많이 나옴,워케이션,코로나로 재택하면서 제주도 및 강릉 등 워케이션을 자주 다니게됨,워케이션,코로나로 재택하면서 제주도 및 강릉 등 워케이션을 자주 다니게됨,러닝 및 운동,건강을 위해 테니스도 배워보고 헬스도 다녀보던 중에 동료의 추천으로 러닝의 재미를 알아버림,마라톤 대회 출전,러닝을 취미로만 하다가 얼마전 풀코스 마라톤 대회에 참여한 친구를 보고 자극받음,사용 안함,6,러닝이요
2023/11/10 10:25:38 오전 GMT+9,남성,1991년~1995년,IT인,10만원 초과 30만원 이하,대학교 졸업(학사졸업),서울 밖의 경기,미혼,연애중,"복싱, 요가, 축구, 랩 녹음, 사진전 관람",5년 이상,ESFJ,"축구, 야구, 농구, 배구 등 스포츠 관람 취미;예술 관련 관람 취미 (미술관 관람 등);음주;가무(노래 및 춤추기);구기 종목 활동 참여 취미(축구, 야구, 농구, 배구, 골프, 족구, 세팍타크로, 게이트볼 등)",주 2~3회,자기계발;스트레스 해소,음주가무,재밌게 놀았어요,축구,"회사, 친구들 동호회에서 평일, 주말에도 자주 했어요",이직,지역도 옮겨져서 새로운 생활이 시작되었어요,사진전 관람,재밌는 전시가 많았어요,복싱,처음 시작한 취미에요,수영,맥주병 탈출!,사용 안함,7,
2023/11/10 10:36:35 오전 GMT+9,남성,1981년~1990년,IT인,10만원 초과 30만원 이하,대학교 졸업(학사졸업),서울 밖의 경기,미혼,연애중,"몸을 사용하는 가벼운 운동 (헬스, 복싱, 자전거)",5년 이상,esfj,"자기계발 등 공부;비디오 게임(플레이스테이션, 닌텐도, PC, XBOX 등);자전거;달리기,산책",주 2~3회,스트레스 해소,이직준비,,이직,,상장,,절망,,경제공부 ,,마라톤,,사용 안함,3,마라톤
2023/11/10 10:57:16 오전 GMT+9,남성,1976년~1980년,IT인,10만원 초과 30만원 이하,대학교 졸업(학사졸업),서울 밖의 경기,기혼,,"자전거타기, 가까운데 여행, 게임",3개월 ~ 6개월,ISFJ,"자기계발 등 공부;비디오 게임(플레이스테이션, 닌텐도, PC, XBOX 등);자전거",주 2~3회,자기계발;스트레스 해소,게임,,게임,,게임,,게임,코로나로 밖에 안나가서 게임만 함,자전거,"오랜재택으로 감소된 근육량을 늘려보고자 자전거를 시작했는데, 여러곳을 돌아다니면서 새로운곳을 가보는 재미가 생김. 맛있는것도 먹고, 혼자하는 취미라서 혼자 생각할 시간도 많고 여러모로 좋았음",골프,"새로 배우기 시작했고, 잘해봐야겠다는 마음이 생김",사용 안함,2,골프
2023/11/10 10:57:39 오전 GMT+9,여성,1996년~2000년,금융인,30만원 초과 60만원 이하,대학교 졸업(학사졸업),서울의 남쪽,미혼,연애중,"여행, 쇼핑, 운동",5년 이상,INTP,"악기 연주( 현악, 관악 등 모두 가능);요리;시청각 자료 시청 관련 취미 ( 드라마, 유튭, 영화, 연극, 뮤지컬 시청 등);독서;예술 창작 활동(글쓰기, 공예, 드로잉 등);자기계발 등 공부;달리기,산책;여행",주 1회,자기계발;스트레스 해소;연인과의 행복한 시간,"미술, 해외여행",미술동아리에 들어갔다. 해외여행을 많이 갔다.,AI,졸업프로젝트를 했다.,국내여행,,크로스핏,,요가,,요가,,솜씨당,3,네일아트
2023/11/10 1:23:15 오후 GMT+9,여성,1981년~1990년,교육인,1만원 초과 10만원 이하,대학교 졸업(학사졸업),서울의 동쪽,미혼,휴식중,"자전거, 댄스, 산책, 영화&연극&전시 관람",5년 이상,ESTJ,"악기 연주( 현악, 관악 등 모두 가능);시청각 자료 시청 관련 취미 ( 드라마, 유튭, 영화, 연극, 뮤지컬 시청 등);자전거;달리기,산책",주 2~3회,자기계발;스트레스 해소;새로운 만남;친구와의 진득한 시간,원데이클래스,코로나라 소수 인원만 모이는 취미 생활이 흥미로웠음,홈트레이닝,"건강한 음식 먹기, 산책하기 등 건강하게 살기 위한 노력이 필요함을 느낌",앱태크,만보 걷기 등 리워드를 주는 앱들이 많이 생겨서 온라인 폐지 줍기에 동참함.,연극 관람,열정적으로 연기하는 배우들의 모습에 감명 받음,댄스,취미로 댄스 학원을 등록했는데 재밌음,재태크나 언어 공부를 좀 해야할 거 같음,머리가 돌이 되어가는 느낌..,클래스101;솜씨당,5,챌린지 댄스
2023/11/11 9:35:09 오전 GMT+9,남성,1981년~1990년,금융인,10만원 초과 30만원 이하,대학교 졸업(학사졸업),서울 밖의 경기,기혼,,레고,5년 이상,ESPJ,"축구, 야구, 농구, 배구 등 스포츠 관람 취미;구기 종목 활동 참여 취미(축구, 야구, 농구, 배구, 골프, 족구, 세팍타크로, 게이트볼 등);자기계발 등 공부",거의 안함,자기계발;스트레스 해소,신혼여행,돈플렉스,요리,시간플렉스,육아,육아만함,육아,육아만함,해외여행,첫가족여행,공부,해야해서,사용 안함,3,공부
2023/11/11 1:16:51 오후 GMT+9,남성,1981년~1990년,건설인,30만원 초과 60만원 이하,대학교 졸업(학사졸업),서울의 북쪽,미혼,연애중,음주,5년 이상,isfj,음주,주 2~3회,스트레스 해소,서울 맛집,,서울 맛집,,서울 맛집,,서울 맛집,,서울 맛집,,해외 맛집,,사용 안함,3,등산
2023/11/11 2:55:32 오후 GMT+9,남성,1976년~1980년,금융인,10만원 초과 30만원 이하,대학교 졸업(학사졸업),서울의 북쪽,기혼,,웨이트,5년 이상,ISTJ,"악기 연주( 현악, 관악 등 모두 가능);시청각 자료 시청 관련 취미 ( 드라마, 유튭, 영화, 연극, 뮤지컬 시청 등);독서;음주",주 2~3회,스트레스 해소,없음,,없음,,없음,,없음,,없음,,골프,,사용 안함,2,없음
2023/11/11 2:57:42 오후 GMT+9,남성,1981년~1990년,금융인,1만원 초과 10만원 이하,대학교 졸업(학사졸업),서울의 서쪽,기혼,,유튜브보기,1년 ~ 2년,INTP,"축구, 야구, 농구, 배구 등 스포츠 관람 취미;시청각 자료 시청 관련 취미 ( 드라마, 유튭, 영화, 연극, 뮤지컬 시청 등);독서;비디오 게임(플레이스테이션, 닌텐도, PC, XBOX 등);하계 스포츠 활동 참여(구기 외 서핑, 스쿠버다이빙 등)",주 2~3회,자기계발;스트레스 해소,여행,,호캉스,,호캉스,,여행,,수영,,수영,,사용 안함,2,롤드컵관람
2023/11/11 2:59:53 오후 GMT+9,여성,1991년~1995년,금융인,1만원 이하,대학교 졸업(학사졸업),서울의 서쪽,미혼,연애중,"조깅, 드라마 보기",5년 이상,INFP,"악기 연주( 현악, 관악 등 모두 가능);독서;자기계발 등 공부;달리기,산책",주 1회,자기계발;스트레스 해소,플레이스테이션 저스트댄스,회사 동료들과 격지 생활 스트레스 해소,조깅,과로에 지쳐 쇠약해지는 건강 회복을 위해,독서,내면의 휴식,드라마,집콕이 편해짐. 넷플릭스에 재밌는 게 많았음,DFMBA,다른거 할 시간이 별로 없음,"테니스, 웨이트트레이닝",건강을 위해 활동적인 운동 희망함,사용 안함,2,"최근에는 취미생활을 할 에너지가 많이 없어서 드라마, 독서 등이 취미입니다"
2023/11/11 3:00:36 오후 GMT+9,남성,1981년~1990년,"일반직장인(재무, 구매, 설계 등등)",1만원 초과 10만원 이하,대학교 졸업(학사졸업),서울의 남쪽,기혼,,영화 감상,5년 이상,ISTP,"악기 연주( 현악, 관악 등 모두 가능);축구, 야구, 농구, 배구 등 스포츠 관람 취미;예술 관련 관람 취미 (미술관 관람 등);시청각 자료 시청 관련 취미 ( 드라마, 유튭, 영화, 연극, 뮤지컬 시청 등);독서;예술 창작 활동(글쓰기, 공예, 드로잉 등);구기 종목 활동 참여 취미(축구, 야구, 농구, 배구, 골프, 족구, 세팍타크로, 게이트볼 등);자기계발 등 공부;비디오 게임(플레이스테이션, 닌텐도, PC, XBOX 등);보드게임(부루마불, 할리갈리 등);하계 스포츠 활동 참여(구기 외 서핑, 스쿠버다이빙 등);동계 스포츠 활동 참여(스키, 스노보드 등)",거의 안함,자기계발;스트레스 해소,작곡,,게임,,골프,,없음,,자기계발,,테니스,,클래스101,4,테니스
2023/11/11 3:04:54 오후 GMT+9,남성,1976년~1980년,금융인,10만원 초과 30만원 이하,대학교 졸업(학사졸업),인천,기혼,,"크로스핏, 헬스",5년 이상,INFJ,"시청각 자료 시청 관련 취미 ( 드라마, 유튭, 영화, 연극, 뮤지컬 시청 등);음주;자기계발 등 공부;달리기,산책",주 2~3회,자기계발;스트레스 해소,노재팬 시기에 일본 출장,민감시기였던지라 예상못한 일이 생길까봐 걱정했었음,거북목과의 만남,목이 아팠던 것이 처음이라 앞으로 대처를 어떻게 해야할지 고민,사내벤처 제도 운영,스타트업 미팅도 해보면서 다양한 형태의 삶이 있다는 것을 다시 한번 느꼈음,수영,정식으로 배운 것이 처음이었음,새로운 배움(대학원),늦은게 아닐까라는 생각도 들었지만 더 늦으면 영원히 기회가 없을 것 같았음,"건강, 체력, 근력 유지",주변에 어딘가는 아픈 사람들이 늘어나고 있음.....,사용 안함,5,크로스핏을 다시 시작하려고 하고 있고 클라이밍도 해보고 싶어 고민 중
2023/11/11 3:07:20 오후 GMT+9,남성,1991년~1995년,"일반직장인(재무, 구매, 설계 등등)",1만원 초과 10만원 이하,대학교 졸업(학사졸업),서울의 서쪽,미혼,연애중,음악감상,5년 이상,infp,"요리;시청각 자료 시청 관련 취미 ( 드라마, 유튭, 영화, 연극, 뮤지컬 시청 등);독서;음주;가무(노래 및 춤추기);자기계발 등 공부;하계 스포츠 활동 참여(구기 외 서핑, 스쿠버다이빙 등);동계 스포츠 활동 참여(스키, 스노보드 등);달리기,산책",주 1회,자기계발;스트레스 해소,서핑,서울 양양 고속도로 개통을 통한 접근성 강화,서핑,전년도에 붙인 재미,헬스,운동 취미가 생겨서,여행,코로나 보복 여행,학업,대학원 진학,여행,가장 좋아하나 못하고 있어서,사용 안함,7,없음
2023/11/11 3:11:23 오후 GMT+9,남성,1991년~1995년,금융인,30만원 초과 60만원 이하,대학교 졸업(학사졸업),서울의 서쪽,미혼,연애중,"게임, 독서. 위스키, 운동",5년 이상,INTJ,"축구, 야구, 농구, 배구 등 스포츠 관람 취미;시청각 자료 시청 관련 취미 ( 드라마, 유튭, 영화, 연극, 뮤지컬 시청 등);독서;음주;자기계발 등 공부;자전거;달리기,산책",주 2~3회,자기계발;스트레스 해소,취업,생존,신입사원,생존,이직,생존,여행,자유,여행,자유,졸업,자유,프립;아이디어스,6,위스키
2023/11/11 3:14:19 오후 GMT+9,여성,1991년~1995년,금융인,10만원 초과 30만원 이하,대학교 졸업(학사졸업),서울의 남쪽,미혼,휴식중,"골프, 독서, 음주",2년 ~ 3년,ESTJ,"독서;음주;구기 종목 활동 참여 취미(축구, 야구, 농구, 배구, 골프, 족구, 세팍타크로, 게이트볼 등);자기계발 등 공부;달리기,산책",주 1회,자기계발;스트레스 해소;친구와의 진득한 시간,"PT, 헬스",,와인,,골프,골프입문,독서,부동산 관심가지기 시작,MBA,DFMBA 입학,투자,30대에 30억 만들기 프로젝트 수행중,오프라인 동호회,4,
2023/11/11 4:19:56 오후 GMT+9,남성,1981년~1990년,금융인,1만원 초과 10만원 이하,대학교 졸업(학사졸업),서울의 남쪽,기혼,,유튜브 시청,5년 이상,ISTP,"시청각 자료 시청 관련 취미 ( 드라마, 유튭, 영화, 연극, 뮤지컬 시청 등)",매일,스트레스 해소,버닝썬 사건,여러 의혹들이 꼬리자르기로 덮여버림,코스피,코로나로 코스피 폭락 후 폭등,주가,2020년 12월에 미국 CEO들 주식 집단 처분,우크라이나 전쟁,아프리카 등 여러 대륙과 다양한 이권이 엃힌 전쟁,원자재시장,2023년1월 PTP과세 전격 시행,금리,모두들 2024년에 금리인하를 예상하고 있음,소모임,1,Chatgpt 그림
2023/11/11 4:50:37 오후 GMT+9,남성,1991년~1995년,IT인,30만원 초과 60만원 이하,대학교 졸업(학사졸업),서울의 중부…?,미혼,연애중,"요리, 외국어, 한때 스노우보드",5년 이상,INTJ,"악기 연주( 현악, 관악 등 모두 가능);요리;독서;예술 창작 활동(글쓰기, 공예, 드로잉 등);영상 창작 활동(영화, 연극 등 제작 혹은 참여);자기계발 등 공부;동계 스포츠 활동 참여(스키, 스노보드 등)",주 1회,자기계발;스트레스 해소;새로운 만남;연인과의 행복한 시간;친구와의 진득한 시간,요리,분가한지 얼마 안 돼서,달리기,살 빼는 재미,연기,옛날부터 배워보고 싶었어요,여행,다시 갈 수 있게 돼서,DFMBA,젊어지는 기분,작곡 글짓기 무술,옛날부터 해 보고 싶었음,사용 안함,1,작곡
2023/11/12 12:01:22 오전 GMT+9,남성,1991년~1995년,금융인,10만원 초과 30만원 이하,대학교 졸업(학사졸업),서울 밖의 경기,미혼,연애중,베이스기타,5년 이상,INTJ,"악기 연주( 현악, 관악 등 모두 가능);요리;축구, 야구, 농구, 배구 등 스포츠 관람 취미;독서;음주;자기계발 등 공부;비디오 게임(플레이스테이션, 닌텐도, PC, XBOX 등);보드게임(부루마불, 할리갈리 등);클라이밍",주 2~3회,자기계발;스트레스 해소;친구와의 진득한 시간,자격증 수집,,독서,,클라이밍,,언어 공부,,헬스,,테니스,,사용 안함,3,맛집 탐방
2023/11/14 1:21:22 오후 GMT+9,남성,1981년~1990년,금융인,10만원 초과 30만원 이하,대학교 졸업(학사졸업),서울 밖의 경기,기혼,,"영화, 독서, 각종 스포츠, 캠핑",2년 ~ 3년,몰라요,"축구, 야구, 농구, 배구 등 스포츠 관람 취미;시청각 자료 시청 관련 취미 ( 드라마, 유튭, 영화, 연극, 뮤지컬 시청 등);독서;자기계발 등 공부;클라이밍",월 1회,자기계발;스트레스 해소,기타연주,여유롭게 기타 연습하는 시간이 힐링 시간이였음.,클라이밍,,캠핑,,월드컵,,주식투자,,해외여행,,사용 안함,2,