id,취미(선택)
0,독서
1,스포츠 관련 취미 ( 각종 스포츠 직접 하기 혹은 스포츠 관람)
2,독서
3,독서
3,음주
4,"축구, 야구, 농구, 배구 등 스포츠 관람 취미"
4,"시청각 자료 시청 관련 취미 ( 드라마, 유튭, 영화, 연극, 뮤지컬 시청 등)"
5,"구기 종목 활동 참여 취미(축구, 야구, 농구, 배구, 골프, 족구, 세팍타크로, 게이트볼 등)"
6,"구기 종목 활동 참여 취미(축구, 야구, 농구, 배구, 골프, 족구, 세팍타크로, 게이트볼 등)"
7,"악기 연주( 현악, 관악 등 모두 가능)"
7,요리
7,"비디오 게임(플레이스테이션, 닌텐도, PC, XBOX 등)"
7,"하계 스포츠 활동 참여(구기 외 서핑, 스쿠버다이빙 등)"
8,독서
8,"구기 종목 활동 참여 취미(축구, 야구, 농구, 배구, 골프, 족구, 세팍타크로, 게이트볼 등)"
8,자기계발 등 공부
9,"축구, 야구, 농구, 배구 등 스포츠 관람 취미"
10,"축구, 야구, 농구, 배구 등 스포츠 관람 취미"
11,홀덤
12,"악기 연주( 현악, 관악 등 모두 가능)"
12,"축구, 야구, 농구, 배구 등 스포츠 관람 취미"
12,예술 관련 관람 취미 (미술관 관람 등)
12,"시청각 자료 시청 관련 취미 ( 드라마, 유튭, 영화, 연극, 뮤지컬 시청 등)"
12,독서
12,"구기 종목 활동 참여 취미(축구, 야구, 농구, 배구, 골프, 족구, 세팍타크로, 게이트볼 등)"
12,"보드게임(부루마불, 할리갈리 등)"
13,"시청각 자료 시청 관련 취미 ( 드라마, 유튭, 영화, 연극, 뮤지컬 시청 등)"
13,독서
13,"예술 창작 활동(글쓰기, 공예, 드로잉 등)"
13,자기계발 등 공부
14,"시청각 자료 시청 관련 취미 ( 드라마, 유튭, 영화, 연극, 뮤지컬 시청 등)"
14,"구기 종목 활동 참여 취미(축구, 야구, 농구, 배구, 골프, 족구, 세팍타크로, 게이트볼 등)"
14,"비디오 게임(플레이스테이션, 닌텐도, PC, XBOX 등)"
14,"보드게임(부루마불, 할리갈리 등)"
15,"축구, 야구, 농구, 배구 등 스포츠 관람 취미"
15,"시청각 자료 시청 관련 취미 ( 드라마, 유튭, 영화, 연극, 뮤지컬 시청 등)"
16,예술 관련 관람 취미 (미술관 관람 등)
16,"시청각 자료 시청 관련 취미 ( 드라마, 유튭, 영화, 연극, 뮤지컬 시청 등)"
16,독서
16,음주
16,"영상 창작 활동(영화, 연극 등 제작 혹은 참여)"
16,자기계발 등 공부
16,"비디오 게임(플레이스테이션, 닌텐도, PC, XBOX 등)"
16,"헬스, 등산"
17,"축구, 야구, 농구, 배구 등 스포츠 관람 취미"
17,가무(노래 및 춤추기)
18,"시청각 자료 시청 관련 취미 ( 드라마, 유튭, 영화, 연극, 뮤지컬 시청 등)"
19,요리
19,"시청각 자료 시청 관련 취미 ( 드라마, 유튭, 영화, 연극, 뮤지컬 시청 등)"
19,음주
19,자기계발 등 공부
19,"보드게임(부루마불, 할리갈리 등)"
20,"시청각 자료 시청 관련 취미 ( 드라마, 유튭, 영화, 연극, 뮤지컬 시청 등)"
20,음주
20,"보드게임(부루마불, 할리갈리 등)"
21,"시청각 자료 시청 관련 취미 ( 드라마, 유튭, 영화, 연극, 뮤지컬 시청 등)"
21,독서
21,가무(노래 및 춤추기)
21,"구기 종목 활동 참여 취미(축구, 야구, 농구, 배구, 골프, 족구, 세팍타크로, 게이트볼 등)"
21,자기계발 등 공부
22,요리
22,"축구, 야구, 농구, 배구 등 스포츠 관람 취미"
22,예술 관련 관람 취미 (미술관 관람 등)
22,음주
22,"비디오 게임(플레이스테이션, 닌텐도, PC, XBOX 등)"
23,"시청각 자료 시청 관련 취미 ( 드라마, 유튭, 영화, 연극, 뮤지컬 시청 등)"
24,"시청각 자료 시청 관련 취미 ( 드라마, 유튭, 영화, 연극, 뮤지컬 시청 등)"
24,음주
24,가무(노래 및 춤추기)
24,자기계발 등 공부
24,헬스
25,독서
25,"헬스, 등산"
26,"악기 연주( 현악, 관악 등 모두 가능)"
26,"시청각 자료 시청 관련 취미 ( 드라마, 유튭, 영화, 연극, 뮤지컬 시청 등)"
26,독서
26,음주
26,"근력운동, 등산"
27,"악기 연주( 현악, 관악 등 모두 가능)"
27,독서
27,가무(노래 및 춤추기)
27,"구기 종목 활동 참여 취미(축구, 야구, 농구, 배구, 골프, 족구, 세팍타크로, 게이트볼 등)"
27,자기계발 등 공부
27,"웹툰, 웹소설 드라마 등 보기"
28,독서
28,혼자 하는 운동
29,요리
29,"시청각 자료 시청 관련 취미 ( 드라마, 유튭, 영화, 연극, 뮤지컬 시청 등)"
29,"예술 창작 활동(글쓰기, 공예, 드로잉 등)"
30,"시청각 자료 시청 관련 취미 ( 드라마, 유튭, 영화, 연극, 뮤지컬 시청 등)"
30,독서
30,자기계발 등 공부
31,요리
31,예술 관련 관람 취미 (미술관 관람 등)
31,음주
31,"예술 창작 활동(글쓰기, 공예, 드로잉 등)"
32,가무(노래 및 춤추기)
32,캠핑
33,요리
33,"시청각 자료 시청 관련 취미 ( 드라마, 유튭, 영화, 연극, 뮤지컬 시청 등)"
33,독서
33,"구기 종목 활동 참여 취미(축구, 야구, 농구, 배구, 골프, 족구, 세팍타크로, 게이트볼 등)"
33,자기계발 등 공부
33,"보드게임(부루마불, 할리갈리 등)"
34,"축구, 야구, 농구, 배구 등 스포츠 관람 취미"
34,"시청각 자료 시청 관련 취미 ( 드라마, 유튭, 영화, 연극, 뮤지컬 시청 등)"
34,음주
35,요리
35,예술 관련 관람 취미 (미술관 관람 등)
36,요리
36,예술 관련 관람 취미 (미술관 관람 등)
36,"시청각 자료 시청 관련 취미 ( 드라마, 유튭, 영화, 연극, 뮤지컬 시청 등)"
36,독서
36,자기계발 등 공부
37,"악기 연주( 현악, 관악 등 모두 가능)"
37,예술 관련 관람 취미 (미술관 관람 등)
37,"시청각 자료 시청 관련 취미 ( 드라마, 유튭, 영화, 연극, 뮤지컬 시청 등)"
37,독서
38,"시청각 자료 시청 관련 취미 ( 드라마, 유튭, 영화, 연극, 뮤지컬 시청 등)"
38,음주
38,"구기 종목 활동 참여 취미(축구, 야구, 농구, 배구, 골프, 족구, 세팍타크로, 게이트볼 등)"
38,"하계 스포츠 활동 참여(구기 외 서핑, 스쿠버다이빙 등)"
39,요리
39,"축구, 야구, 농구, 배구 등 스포츠 관람 취미"
39,예술 관련 관람 취미 (미술관 관람 등)
39,"시청각 자료 시청 관련 취미 ( 드라마, 유튭, 영화, 연극, 뮤지컬 시청 등)"
39,독서
39,가무(노래 및 춤추기)
39,"예술 창작 활동(글쓰기, 공예, 드로잉 등)"
39,자기계발 등 공부
39,"하계 스포츠 활동 참여(구기 외 서핑, 스쿠버다이빙 등)"
39,"자전거타기, 캠핑"
40,"악기 연주( 현악, 관악 등 모두 가능)"
40,예술 관련 관람 취미 (미술관 관람 등)
40,독서
41,"시청각 자료 시청 관련 취미 ( 드라마, 유튭, 영화, 연극, 뮤지컬 시청 등)"
41,독서
41,"영상 창작 활동(영화, 연극 등 제작 혹은 참여)"
41,자기계발 등 공부
42,예술 관련 관람 취미 (미술관 관람 등)
42,"시청각 자료 시청 관련 취미 ( 드라마, 유튭, 영화, 연극, 뮤지컬 시청 등)"
42,독서
42,음주
42,가무(노래 및 춤추기)
43,요리
43,"시청각 자료 시청 관련 취미 ( 드라마, 유튭, 영화, 연극, 뮤지컬 시청 등)"
44,"구기 종목 활동 참여 취미(축구, 야구, 농구, 배구, 골프, 족구, 세팍타크로, 게이트볼 등)"
45,"악기 연주( 현악, 관악 등 모두 가능)"
45,요리
45,예술 관련 관람 취미 (미술관 관람 등)
45,"시청각 자료 시청 관련 취미 ( 드라마, 유튭, 영화, 연극, 뮤지컬 시청 등)"
45,독서
45,자기계발 등 공부
46,예술 관련 관람 취미 (미술관 관람 등)
46,독서
46,"예술 창작 활동(글쓰기, 공예, 드로잉 등)"
46,"영상 창작 활동(영화, 연극 등 제작 혹은 참여)"
46,자기계발 등 공부
46,"하계 스포츠 활동 참여(구기 외 서핑, 스쿠버다이빙 등)"
46,"동계 스포츠 활동 참여(스키, 스노보드 등)"
47,"악기 연주( 현악, 관악 등 모두 가능)"
47,예술 관련 관람 취미 (미술관 관람 등)
47,"시청각 자료 시청 관련 취미 ( 드라마, 유튭, 영화, 연극, 뮤지컬 시청 등)"
47,독서
47,음주
47,"구기 종목 활동 참여 취미(축구, 야구, 농구, 배구, 골프, 족구, 세팍타크로, 게이트볼 등)"
47,자기계발 등 공부
47,"하계 스포츠 활동 참여(구기 외 서핑, 스쿠버다이빙 등)"
48,"축구, 야구, 농구, 배구 등 스포츠 관람 취미"
48,"시청각 자료 시청 관련 취미 ( 드라마, 유튭, 영화, 연극, 뮤지컬 시청 등)"
48,음주
48,가무(노래 및 춤추기)
48,"구기 종목 활동 참여 취미(축구, 야구, 농구, 배구, 골프, 족구, 세팍타크로, 게이트볼 등)"
48,"하계 스포츠 활동 참여(구기 외 서핑, 스쿠버다이빙 등)"
48,"동계 스포츠 활동 참여(스키, 스노보드 등)"
49,"축구, 야구, 농구, 배구 등 스포츠 관람 취미"
49,"구기 종목 활동 참여 취미(축구, 야구, 농구, 배구, 골프, 족구, 세팍타크로, 게이트볼 등)"
50,요리
50,독서
51,예술 관련 관람 취미 (미술관 관람 등)
51,독서
51,"예술 창작 활동(글쓰기, 공예, 드로잉 등)"
51,"구기 종목 활동 참여 취미(축구, 야구, 농구, 배구, 골프, 족구, 세팍타크로, 게이트볼 등)"
51,자기계발 등 공부
51,"하계 스포츠 활동 참여(구기 외 서핑, 스쿠버다이빙 등)"
51,"동계 스포츠 활동 참여(스키, 스노보드 등)"
52,예술 관련 관람 취미 (미술관 관람 등)
52,독서
52,"구기 종목 활동 참여 취미(축구, 야구, 농구, 배구, 골프, 족구, 세팍타크로, 게이트볼 등)"
53,독서
53,음주
53,"예술 창작 활동(글쓰기, 공예, 드로잉 등)"
53,자기계발 등 공부
54,"악기 연주( 현악, 관악 등 모두 가능)"
54,자기계발 등 공부
54,헬스
55,주식
56,"축구, 야구, 농구, 배구 등 스포츠 관람 취미"
56,"시청각 자료 시청 관련 취미 ( 드라마, 유튭, 영화, 연극, 뮤지컬 시청 등)"
56,"비디오 게임(플레이스테이션, 닌텐도, PC, XBOX 등)"
57,요리
57,"시청각 자료 시청 관련 취미 ( 드라마, 유튭, 영화, 연극, 뮤지컬 시청 등)"
57,자기계발 등 공부
57,운동
58,독서
58,수영
59,"구기 종목 활동 참여 취미(축구, 야구, 농구, 배구, 골프, 족구, 세팍타크로, 게이트볼 등)"
59,"동계 스포츠 활동 참여(스키, 스노보드 등)"
60,"시청각 자료 시청 관련 취미 ( 드라마, 유튭, 영화, 연극, 뮤지컬 시청 등)"
60,자기계발 등 공부
60,"동계 스포츠 활동 참여(스키, 스노보드 등)"
61,자기계발 등 공부
61,오토바이 타기인데 드라이빙계열이 선택지계열에 없네요
62,"축구, 야구, 농구, 배구 등 스포츠 관람 취미"
62,예술 관련 관람 취미 (미술관 관람 등)
62,가무(노래 및 춤추기)
63,"예술 창작 활동(글쓰기, 공예, 드로잉 등)"
63,러닝
64,요리
64,예술 관련 관람 취미 (미술관 관람 등)
64,"시청각 자료 시청 관련 취미 ( 드라마, 유튭, 영화, 연극, 뮤지컬 시청 등)"
64,독서
64,가무(노래 및 춤추기)
65,요리
65,"축구, 야구, 농구, 배구 등 스포츠 관람 취미"
65,"시청각 자료 시청 관련 취미 ( 드라마, 유튭, 영화, 연극, 뮤지컬 시청 등)"
65,"구기 종목 활동 참여 취미(축구, 야구, 농구, 배구, 골프, 족구, 세팍타크로, 게이트볼 등)"
65,자기계발 등 공부
65,"동계 스포츠 활동 참여(스키, 스노보드 등)"
66,요리
66,"시청각 자료 시청 관련 취미 ( 드라마, 유튭, 영화, 연극, 뮤지컬 시청 등)"
66,독서
66,음주
66,가무(노래 및 춤추기)
66,자기계발 등 공부
66,"비디오 게임(플레이스테이션, 닌텐도, PC, XBOX 등)"
66,"보드게임(부루마불, 할리갈리 등)"
66,"하계 스포츠 활동 참여(구기 외 서핑, 스쿠버다이빙 등)"
66,"동계 스포츠 활동 참여(스키, 스노보드 등)"
66,그냥 운동 (헬스 러닝 등)
67,"축구, 야구, 농구, 배구 등 스포츠 관람 취미"
67,"시청각 자료 시청 관련 취미 ( 드라마, 유튭, 영화, 연극, 뮤지컬 시청 등)"
67,독서
67,클라이밍
68,"악기 연주( 현악, 관악 등 모두 가능)"
69,음주
69,"하계 스포츠 활동 참여(구기 외 서핑, 스쿠버다이빙 등)"
69,"동계 스포츠 활동 참여(스키, 스노보드 등)"
70,"시청각 자료 시청 관련 취미 ( 드라마, 유튭, 영화, 연극, 뮤지컬 시청 등)"
70,"보드게임(부루마불, 할리갈리 등)"
70,폴댄스
71,"축구, 야구, 농구, 배구 등 스포츠 관람 취미"
71,"시청각 자료 시청 관련 취미 ( 드라마, 유튭, 영화, 연극, 뮤지컬 시청 등)"
71,자기계발 등 공부
71,"보드게임(부루마불, 할리갈리 등)"
71,"하계 스포츠 활동 참여(구기 외 서핑, 스쿠버다이빙 등)"
72,예술 관련 관람 취미 (미술관 관람 등)
72,"시청각 자료 시청 관련 취미 ( 드라마, 유튭, 영화, 연극, 뮤지컬 시청 등)"
72,가무(노래 및 춤추기)
72,"영상 창작 활동(영화, 연극 등 제작 혹은 참여)"
72,"구기 종목 활동 참여 취미(축구, 야구, 농구, 배구, 골프, 족구, 세팍타크로, 게이트볼 등)"
72,자기계발 등 공부
72,"비디오 게임(플레이스테이션, 닌텐도, PC, XBOX 등)"
72,바이크
73,독서
73,음주
73,"예술 창작 활동(글쓰기, 공예, 드로잉 등)"
74,"축구, 야구, 농구, 배구 등 스포츠 관람 취미"
74,독서
75,"비디오 게임(플레이스테이션, 닌텐도, PC, XBOX 등)"
75,"보드게임(부루마불, 할리갈리 등)"
76,예술 관련 관람 취미 (미술관 관람 등)
76,"시청각 자료 시청 관련 취미 ( 드라마, 유튭, 영화, 연극, 뮤지컬 시청 등)"
76,독서
76,음주
76,"예술 창작 활동(글쓰기, 공예, 드로잉 등)"
76,"영상 창작 활동(영화, 연극 등 제작 혹은 참여)"
77,가무(노래 및 춤추기)
77,"보드게임(부루마불, 할리갈리 등)"
77,"동계 스포츠 활동 참여(스키, 스노보드 등)"
78,"악기 연주( 현악, 관악 등 모두 가능)"
78,"축구, 야구, 농구, 배구 등 스포츠 관람 취미"
78,"시청각 자료 시청 관련 취미 ( 드라마, 유튭, 영화, 연극, 뮤지컬 시청 등)"
78,"구기 종목 활동 참여 취미(축구, 야구, 농구, 배구, 골프, 족구, 세팍타크로, 게이트볼 등)"
78,"비디오 게임(플레이스테이션, 닌텐도, PC, XBOX 등)"
79,"시청각 자료 시청 관련 취미 ( 드라마, 유튭, 영화, 연극, 뮤지컬 시청 등)"
79,등산
80,"악기 연주( 현악, 관악 등 모두 가능)"
80,예술 관련 관람 취미 (미술관 관람 등)
80,"시청각 자료 시청 관련 취미 ( 드라마, 유튭, 영화, 연극, 뮤지컬 시청 등)"
80,독서
80,"구기 종목 활동 참여 취미(축구, 야구, 농구, 배구, 골프, 족구, 세팍타크로, 게이트볼 등)"
80,자기계발 등 공부
81,"시청각 자료 시청 관련 취미 ( 드라마, 유튭, 영화, 연극, 뮤지컬 시청 등)"
81,독서
82,요리
82,예술 관련 관람 취미 (미술관 관람 등)
82,"시청각 자료 시청 관련 취미 ( 드라마, 유튭, 영화, 연극, 뮤지컬 시청 등)"
82,가무(노래 및 춤추기)
82,"구기 종목 활동 참여 취미(축구, 야구, 농구, 배구, 골프, 족구, 세팍타크로, 게이트볼 등)"
82,"하계 스포츠 활동 참여(구기 외 서핑, 스쿠버다이빙 등)"
83,"시청각 자료 시청 관련 취미 ( 드라마, 유튭, 영화, 연극, 뮤지컬 시청 등)"
83,가무(노래 및 춤추기)
83,자기계발 등 공부
83,"하계 스포츠 활동 참여(구기 외 서핑, 스쿠버다이빙 등)"
84,예술 관련 관람 취미 (미술관 관람 등)
84,"시청각 자료 시청 관련 취미 ( 드라마, 유튭, 영화, 연극, 뮤지컬 시청 등)"
84,독서
84,음주
84,자기계발 등 공부
84,"하계 스포츠 활동 참여(구기 외 서핑, 스쿠버다이빙 등)"
84,"동계 스포츠 활동 참여(스키, 스노보드 등)"
85,"시청각 자료 시청 관련 취미 ( 드라마, 유튭, 영화, 연극, 뮤지컬 시청 등)"
85,음주
85,여행
86,예술 관련 관람 취미 (미술관 관람 등)
86,"시청각 자료 시청 관련 취미 ( 드라마, 유튭, 영화, 연극, 뮤지컬 시청 등)"
86,독서
86,음주
86,가무(노래 및 춤추기)
86,웨이트
87,"축구, 야구, 농구, 배구 등 스포츠 관람 취미"
87,"시청각 자료 시청 관련 취미 ( 드라마, 유튭, 영화, 연극, 뮤지컬 시청 등)"
87,독서
87,음주
88,"시청각 자료 시청 관련 취미 ( 드라마, 유튭, 영화, 연극, 뮤지컬 시청 등)"
88,음주
88,자기계발 등 공부
89,독서
89,"구기 종목 활동 참여 취미(축구, 야구, 농구, 배구, 골프, 족구, 세팍타크로, 게이트볼 등)"
89,자기계발 등 공부
90,요리
90,"시청각 자료 시청 관련 취미 ( 드라마, 유튭, 영화, 연극, 뮤지컬 시청 등)"
90,독서
90,음주
90,자기계발 등 공부
90,"하계 스포츠 활동 참여(구기 외 서핑, 스쿠버다이빙 등)"
91,"축구, 야구, 농구, 배구 등 스포츠 관람 취미"
91,음주
91,"하계 스포츠 활동 참여(구기 외 서핑, 스쿠버다이빙 등)"
91,"동계 스포츠 활동 참여(스키, 스노보드 등)"
92,요리
92,"축구, 야구, 농구, 배구 등 스포츠 관람 취미"
92,"시청각 자료 시청 관련 취미 ( 드라마, 유튭, 영화, 연극, 뮤지컬 시청 등)"
92,"구기 종목 활동 참여 취미(축구, 야구, 농구, 배구, 골프, 족구, 세팍타크로, 게이트볼 등)"
92,자기계발 등 공부
93,예술 관련 관람 취미 (미술관 관람 등)
93,"시청각 자료 시청 관련 취미 ( 드라마, 유튭, 영화, 연극, 뮤지컬 시청 등)"
93,"예술 창작 활동(글쓰기, 공예, 드로잉 등)"
93,"구기 종목 활동 참여 취미(축구, 야구, 농구, 배구, 골프, 족구, 세팍타크로, 게이트볼 등)"
94,예술 관련 관람 취미 (미술관 관람 등)
94,"예술 창작 활동(글쓰기, 공예, 드로잉 등)"
95,"악기 연주( 현악, 관악 등 모두 가능)"
95,"축구, 야구, 농구, 배구 등 스포츠 관람 취미"
95,예술 관련 관람 취미 (미술관 관람 등)
95,음주
95,가무(노래 및 춤추기)
95,"비디오 게임(플레이스테이션, 닌텐도, PC, XBOX 등)"
96,"축구, 야구, 농구, 배구 등 스포츠 관람 취미"
96,가무(노래 및 춤추기)
96,"구기 종목 활동 참여 취미(축구, 야구, 농구, 배구, 골프, 족구, 세팍타크로, 게이트볼 등)"
96,"보드게임(부루마불, 할리갈리 등)"
97,"축구, 야구, 농구, 배구 등 스포츠 관람 취미"
97,육아…
98,예술 관련 관람 취미 (미술관 관람 등)
98,"시청각 자료 시청 관련 취미 ( 드라마, 유튭, 영화, 연극, 뮤지컬 시청 등)"
99,"축구, 야구, 농구, 배구 등 스포츠 관람 취미"
99,"구기 종목 활동 참여 취미(축구, 야구, 농구, 배구, 골프, 족구, 세팍타크로, 게이트볼 등)"
99,"비디오 게임(플레이스테이션, 닌텐도, PC, XBOX 등)"
100,음주
100,"비디오 게임(플레이스테이션, 닌텐도, PC, XBOX 등)"
101,"축구, 야구, 농구, 배구 등 스포츠 관람 취미"
101,예술 관련 관람 취미 (미술관 관람 등)
101,"시청각 자료 시청 관련 취미 ( 드라마, 유튭, 영화, 연극, 뮤지컬 시청 등)"
101,독서
101,"구기 종목 활동 참여 취미(축구, 야구, 농구, 배구, 골프, 족구, 세팍타크로, 게이트볼 등)"
101,자기계발 등 공부
101,"보드게임(부루마불, 할리갈리 등)"
101,식물 키우기
102,"시청각 자료 시청 관련 취미 ( 드라마, 유튭, 영화, 연극, 뮤지컬 시청 등)"
103,"시청각 자료 시청 관련 취미 ( 드라마, 유튭, 영화, 연극, 뮤지컬 시청 등)"
103,가무(노래 및 춤추기)
104,"시청각 자료 시청 관련 취미 ( 드라마, 유튭, 영화, 연극, 뮤지컬 시청 등)"
104,"비디오 게임(플레이스테이션, 닌텐도, PC, XBOX 등)"
105,요리
105,독서
105,"비디오 게임(플레이스테이션, 닌텐도, PC, XBOX 등)"
106,요리
106,예술 관련 관람 취미 (미술관 관람 등)
106,"시청각 자료 시청 관련 취미 ( 드라마, 유튭, 영화, 연극, 뮤지컬 시청 등)"
106,독서
106,가무(노래 및 춤추기)
106,"구기 종목 활동 참여 취미(축구, 야구, 농구, 배구, 골프, 족구, 세팍타크로, 게이트볼 등)"
106,자기계발 등 공부
106,요가
107,"시청각 자료 시청 관련 취미 ( 드라마, 유튭, 영화, 연극, 뮤지컬 시청 등)"
107,음주
107,가무(노래 및 춤추기)
107,"비디오 게임(플레이스테이션, 닌텐도, PC, XBOX 등)"
108,"축구, 야구, 농구, 배구 등 스포츠 관람 취미"
108,"시청각 자료 시청 관련 취미 ( 드라마, 유튭, 영화, 연극, 뮤지컬 시청 등)"
108,음주
108,"구기 종목 활동 참여 취미(축구, 야구, 농구, 배구, 골프, 족구, 세팍타크로, 게이트볼 등)"
108,자기계발 등 공부
109,"구기 종목 활동 참여 취미(축구, 야구, 농구, 배구, 골프, 족구, 세팍타크로, 게이트볼 등)"
109,"하계 스포츠 활동 참여(구기 외 서핑, 스쿠버다이빙 등)"
110,예술 관련 관람 취미 (미술관 관람 등)
110,"시청각 자료 시청 관련 취미 ( 드라마, 유튭, 영화, 연극, 뮤지컬 시청 등)"
110,독서
111,"축구, 야구, 농구, 배구 등 스포츠 관람 취미"
111,"시청각 자료 시청 관련 취미 ( 드라마, 유튭, 영화, 연극, 뮤지컬 시청 등)"
111,음주
112,"시청각 자료 시청 관련 취미 ( 드라마, 유튭, 영화, 연극, 뮤지컬 시청 등)"
112,독서
112,"비디오 게임(플레이스테이션, 닌텐도, PC, XBOX 등)"
112,"달리기,산책"
113,"축구, 야구, 농구, 배구 등 스포츠 관람 취미"
113,"구기 종목 활동 참여 취미(축구, 야구, 농구, 배구, 골프, 족구, 세팍타크로, 게이트볼 등)"
114,요리
114,"시청각 자료 시청 관련 취미 ( 드라마, 유튭, 영화, 연극, 뮤지컬 시청 등)"
114,음주
114,"예술 창작 활동(글쓰기, 공예, 드로잉 등)"
114,"달리기,산책"
115,예술 관련 관람 취미 (미술관 관람 등)
115,"시청각 자료 시청 관련 취미 ( 드라마, 유튭, 영화, 연극, 뮤지컬 시청 등)"
115,독서
115,"예술 창작 활동(글쓰기, 공예, 드로잉 등)"
115,"구기 종목 활동 참여 취미(축구, 야구, 농구, 배구, 골프, 족구, 세팍타크로, 게이트볼 등)"
115,자기계발 등 공부
116,"시청각 자료 시청 관련 취미 ( 드라마, 유튭, 영화, 연극, 뮤지컬 시청 등)"
116,독서
117,"시청각 자료 시청 관련 취미 ( 드라마, 유튭, 영화, 연극, 뮤지컬 시청 등)"
117,독서
117,음주
117,캠핑
118,"시청각 자료 시청 관련 취미 ( 드라마, 유튭, 영화, 연극, 뮤지컬 시청 등)"
118,독서
118,"달리기,산책"
119,"축구, 야구, 농구, 배구 등 스포츠 관람 취미"
119,예술 관련 관람 취미 (미술관 관람 등)
119,음주
119,가무(노래 및 춤추기)
119,"구기 종목 활동 참여 취미(축구, 야구, 농구, 배구, 골프, 족구, 세팍타크로, 게이트볼 등)"
120,자기계발 등 공부
120,"비디오 게임(플레이스테이션, 닌텐도, PC, XBOX 등)"
120,자전거
120,"달리기,산책"
121,자기계발 등 공부
121,"비디오 게임(플레이스테이션, 닌텐도, PC, XBOX 등)"
121,자전거
122,"악기 연주( 현악, 관악 등 모두 가능)"
122,요리
122,"시청각 자료 시청 관련 취미 ( 드라마, 유튭, 영화, 연극, 뮤지컬 시청 등)"
122,독서
122,"예술 창작 활동(글쓰기, 공예, 드로잉 등)"
122,자기계발 등 공부
122,"달리기,산책"
122,여행
123,"악기 연주( 현악, 관악 등 모두 가능)"
123,"시청각 자료 시청 관련 취미 ( 드라마, 유튭, 영화, 연극, 뮤지컬 시청 등)"
123,자전거
123,"달리기,산책"
124,"축구, 야구, 농구, 배구 등 스포츠 관람 취미"
124,"구기 종목 활동 참여 취미(축구, 야구, 농구, 배구, 골프, 족구, 세팍타크로, 게이트볼 등)"
124,자기계발 등 공부
125,음주
126,"악기 연주( 현악, 관악 등 모두 가능)"
126,"시청각 자료 시청 관련 취미 ( 드라마, 유튭, 영화, 연극, 뮤지컬 시청 등)"
126,독서
126,음주
127,"축구, 야구, 농구, 배구 등 스포츠 관람 취미"
127,"시청각 자료 시청 관련 취미 ( 드라마, 유튭, 영화, 연극, 뮤지컬 시청 등)"
127,독서
127,"비디오 게임(플레이스테이션, 닌텐도, PC, XBOX 등)"
127,"하계 스포츠 활동 참여(구기 외 서핑, 스쿠버다이빙 등)"
128,"악기 연주( 현악, 관악 등 모두 가능)"
128,독서
128,자기계발 등 공부
128,"달리기,산책"
129,"악기 연주( 현악, 관악 등 모두 가능)"
129,"축구, 야구, 농구, 배구 등 스포츠 관람 취미"
129,예술 관련 관람 취미 (미술관 관람 등)
129,"시청각 자료 시청 관련 취미 ( 드라마, 유튭, 영화, 연극, 뮤지컬 시청 등)"
129,독서
129,"예술 창작 활동(글쓰기, 공예, 드로잉 등)"
129,"구기 종목 활동 참여 취미(축구, 야구, 농구, 배구, 골프, 족구, 세팍타크로, 게이트볼 등)"
129,자기계발 등 공부
129,"비디오 게임(플레이스테이션, 닌텐도, PC, XBOX 등)"
129,"보드게임(부루마불, 할리갈리 등)"
129,"하계 스포츠 활동 참여(구기 외 서핑, 스쿠버다이빙 등)"
129,"동계 스포츠 활동 참여(스키, 스노보드 등)"
130,"시청각 자료 시청 관련 취미 ( 드라마, 유튭, 영화, 연극, 뮤지컬 시청 등)"
130,음주
130,자기계발 등 공부
130,"달리기,산책"
131,요리
131,"시청각 자료 시청 관련 취미 ( 드라마, 유튭, 영화, 연극, 뮤지컬 시청 등)"
131,독서
131,음주
131,가무(노래 및 춤추기)
131,자기계발 등 공부
131,"하계 스포츠 활동 참여(구기 외 서핑, 스쿠버다이빙 등)"
131,"동계 스포츠 활동 참여(스키, 스노보드 등)"
131,"달리기,산책"
132,"축구, 야구, 농구, 배구 등 스포츠 관람 취미"
132,"시청각 자료 시청 관련 취미 ( 드라마, 유튭, 영화, 연극, 뮤지컬 시청 등)"
132,독서
132,음주
132,자기계발 등 공부
132,자전거
132,"달리기,산책"
133,독서
133,음주
133,"구기 종목 활동 참여 취미(축구, 야구, 농구, 배구, 골프, 족구, 세팍타크로, 게이트볼 등)"
133,자기계발 등 공부
133,"달리기,산책"
134,"시청각 자료 시청 관련 취미 ( 드라마, 유튭, 영화, 연극, 뮤지컬 시청 등)"
135,"악기 연주( 현악, 관악 등 모두 가능)"
135,요리
135,독서
135,"예술 창작 활동(글쓰기, 공예, 드로잉 등)"
135,"영상 창작 활동(영화, 연극 등 제작 혹은 참여)"
135,자기계발 등 공부
135,"동계 스포츠 활동 참여(스키, 스노보드 등)"
136,"악기 연주( 현악, 관악 등 모두 가능)"
136,요리
136,"축구, 야구, 농구, 배구 등 스포츠 관람 취미"
136,독서
136,음주
136,자기계발 등 공부
136,"비디오 게임(플레이스테이션, 닌텐도, PC, XBOX 등)"
136,"보드게임(부루마불, 할리갈리 등)"
136,클라이밍
137,"축구, 야구, 농구, 배구 등 스포츠 관람 취미"
137,"시청각 자료 시청 관련 취미 ( 드라마, 유튭, 영화, 연극, 뮤지컬 시청 등)"
137,독서
137,자기계발 등 공부
137,클라이밍
